track_id,action,pass_success,target_gap_s,relative_speed_kph,drs_available,straight_remaining_m,braking_zone_m,track_overtake_difficulty,ego_tyre_grip_estimate,target_tyre_grip_estimate,target_tyre_uncertainty,laps_remaining,rear_gap_s,rear_drs_risk,cars_within_3s,post_pass_traffic_gap_s,recent_sector_delta_s,action_energy_level
hist_monza_like,HARVEST,1,0.148,4.63,True,630.9,170.3,0.3,0.585,0.69,0.062,14,0.891,0.406,4,0.274,-0.299,-1
hist_monza_like,HOLD,0,0.953,4.74,False,856.2,158.3,0.3,0.614,0.69,0.161,14,3.355,0.0,2,0.486,-0.137,0
hist_monza_like,PARTIAL_DEPLOY,1,1.634,20.54,True,794.2,139.7,0.3,0.882,0.778,0.395,37,0.754,0.497,0,0.328,-0.033,1
hist_monza_like,HOLD,0,1.746,8.3,True,772.8,165.1,0.3,0.615,0.66,0.318,45,3.285,0.0,5,0.4,-0.164,0
hist_monza_like,FULL_DEPLOY,1,0.821,29.63,False,436.6,165.9,0.3,0.86,0.603,0.063,21,1.464,0.024,0,0.791,-0.106,2
hist_monza_like,FULL_DEPLOY,1,0.852,27.01,True,542.3,113.8,0.3,0.649,0.753,0.155,38,1.557,0.0,4,1.318,0.133,2
hist_monza_like,HARVEST,0,1.536,25.14,True,771.4,143.7,0.3,0.704,0.768,0.237,17,3.402,0.0,6,2.839,0.255,-1
hist_monza_like,PARTIAL_DEPLOY,0,1.56,6.91,True,583.0,104.2,0.3,0.551,0.825,0.338,33,2.691,0.0,4,2.755,0.116,1
hist_monza_like,HOLD,1,0.39,21.69,True,683.0,90.1,0.3,0.68,0.509,0.422,54,2.843,0.0,1,0.362,-0.242,0
hist_monza_like,FULL_DEPLOY,0,1.65,29.23,True,397.9,101.3,0.3,0.814,0.926,0.116,34,3.066,0.0,3,2.9,0.303,2
hist_monza_like,PARTIAL_DEPLOY,1,0.858,18.51,True,782.8,112.3,0.3,0.576,0.509,0.272,38,0.849,0.434,0,2.182,-0.129,1
hist_monza_like,PARTIAL_DEPLOY,1,0.235,3.33,False,670.3,109.3,0.3,0.603,0.921,0.278,31,0.926,0.383,3,2.461,0.033,1
hist_monza_like,FULL_DEPLOY,0,0.881,25.23,True,526.7,95.5,0.3,0.841,0.86,0.094,13,0.747,0.502,3,0.593,-0.237,2
hist_monza_like,HARVEST,0,0.942,25.15,False,802.8,94.6,0.3,0.95,0.876,0.438,49,2.986,0.0,1,1.338,-0.397,-1
hist_monza_like,HOLD,1,0.82,29.49,True,685.1,128.1,0.3,0.933,0.948,0.272,46,1.755,0.0,1,1.031,-0.215,0
hist_monza_like,PARTIAL_DEPLOY,0,0.209,15.45,True,611.4,166.7,0.3,0.613,0.932,0.082,12,0.333,0.778,0,2.091,0.009,1
hist_monza_like,HOLD,0,1.2,-3.61,True,543.6,118.5,0.3,0.654,0.801,0.176,17,1.446,0.036,5,2.007,-0.216,0
hist_monza_like,HARVEST,1,0.971,29.95,False,741.6,96.6,0.3,0.635,0.619,0.423,5,3.09,0.0,2,0.998,-0.232,-1
hist_monza_like,HARVEST,0,1.369,14.41,False,894.8,113.8,0.3,0.906,0.834,0.112,19,2.156,0.0,5,1.16,0.249,-1
hist_monza_like,PARTIAL_DEPLOY,1,1.82,24.61,True,378.7,128.1,0.3,0.661,0.502,0.358,41,3.431,0.0,1,2.275,-0.2,1
hist_monza_like,HARVEST,1,1.896,19.19,True,790.3,139.7,0.3,0.722,0.519,0.196,51,3.405,0.0,0,2.717,0.043,-1
hist_monza_like,FULL_DEPLOY,0,1.95,21.23,False,760.1,111.3,0.3,0.615,0.86,0.121,27,0.184,0.877,5,2.789,0.042,2
hist_monza_like,HOLD,0,0.607,22.56,True,856.0,110.0,0.3,0.877,0.707,0.172,51,3.062,0.0,1,0.266,-0.285,0
hist_monza_like,PARTIAL_DEPLOY,0,0.767,12.83,False,775.4,165.9,0.3,0.682,0.512,0.401,17,0.707,0.529,2,0.307,-0.151,1
hist_monza_like,FULL_DEPLOY,0,1.252,12.9,True,548.0,153.8,0.3,0.551,0.917,0.265,47,3.297,0.0,5,2.078,-0.071,2
hist_monza_like,PARTIAL_DEPLOY,0,1.284,18.22,True,693.0,171.0,0.3,0.753,0.8,0.18,45,1.105,0.263,1,0.737,-0.099,1
hist_monza_like,HOLD,1,1.269,5.53,True,773.4,128.7,0.3,0.782,0.795,0.236,29,2.397,0.0,4,1.525,0.0,0
hist_monza_like,HARVEST,0,0.639,18.23,False,494.4,98.4,0.3,0.931,0.606,0.174,52,0.777,0.482,0,0.329,0.274,-1
hist_monza_like,FULL_DEPLOY,1,0.887,17.04,True,592.1,112.0,0.3,0.812,0.502,0.35,50,3.111,0.0,6,1.39,-0.22,2
hist_monza_like,HARVEST,0,1.159,27.11,True,987.4,102.0,0.3,0.736,0.739,0.274,21,3.33,0.0,3,1.915,-0.045,-1
hist_monza_like,FULL_DEPLOY,0,1.805,21.03,True,643.5,147.4,0.3,0.856,0.735,0.301,18,1.596,0.0,5,1.0,0.15,2
hist_monza_like,HOLD,1,0.387,8.41,True,780.4,109.3,0.3,0.716,0.649,0.236,4,0.803,0.465,3,1.291,0.06,0
hist_monza_like,FULL_DEPLOY,1,1.006,28.0,True,406.4,165.2,0.3,0.765,0.831,0.37,15,1.76,0.0,2,1.42,0.269,2
hist_monza_like,FULL_DEPLOY,0,1.476,24.42,False,674.6,178.3,0.3,0.764,0.908,0.287,43,0.192,0.872,5,1.4,0.085,2
hist_monza_like,PARTIAL_DEPLOY,1,0.502,6.44,False,468.3,164.9,0.3,0.651,0.537,0.058,35,0.277,0.815,2,0.828,0.23,1
hist_monza_like,HARVEST,0,1.904,1.98,True,807.4,103.7,0.3,0.6,0.801,0.276,14,1.681,0.0,2,2.347,0.135,-1
hist_monza_like,HARVEST,0,1.578,0.73,True,346.4,141.8,0.3,0.913,0.669,0.427,13,0.358,0.761,5,2.526,-0.218,-1
hist_monza_like,HARVEST,0,1.613,14.81,True,881.6,137.9,0.3,0.815,0.531,0.309,1,2.989,0.0,6,1.573,-0.173,-1
hist_monza_like,FULL_DEPLOY,0,1.444,10.24,False,766.2,162.7,0.3,0.765,0.718,0.224,47,2.114,0.0,2,2.585,-0.034,2
hist_monza_like,HOLD,0,1.526,14.94,False,594.2,120.3,0.3,0.748,0.646,0.245,23,2.813,0.0,2,0.983,-0.339,0
hist_monza_like,HOLD,1,0.263,20.2,True,661.8,148.1,0.3,0.746,0.857,0.087,15,1.475,0.017,1,1.057,-0.306,0
hist_monza_like,FULL_DEPLOY,0,1.994,14.26,True,566.7,130.8,0.3,0.673,0.604,0.339,21,0.506,0.663,4,2.862,-0.048,2
hist_monza_like,PARTIAL_DEPLOY,1,1.477,29.18,True,635.8,107.5,0.3,0.641,0.581,0.056,35,0.53,0.647,0,2.928,0.09,1
hist_monza_like,FULL_DEPLOY,1,0.295,-4.57,True,573.7,133.1,0.3,0.686,0.934,0.151,31,0.488,0.675,0,1.322,0.252,2
hist_monza_like,HOLD,0,1.641,28.22,True,652.2,127.5,0.3,0.788,0.778,0.36,25,1.632,0.0,3,1.033,0.256,0
hist_monza_like,HARVEST,0,1.258,20.9,False,566.2,108.7,0.3,0.634,0.797,0.113,12,1.977,0.0,1,0.207,-0.256,-1
hist_monza_like,HOLD,1,0.647,4.9,False,748.6,113.8,0.3,0.866,0.765,0.372,13,1.545,0.0,4,0.829,0.063,0
hist_monza_like,HARVEST,1,0.415,5.77,False,744.9,141.2,0.3,0.665,0.556,0.325,45,1.469,0.021,2,1.601,-0.082,-1
hist_monza_like,FULL_DEPLOY,1,1.496,16.13,True,679.7,167.4,0.3,0.785,0.509,0.356,53,1.016,0.323,0,2.337,0.297,2
hist_monza_like,PARTIAL_DEPLOY,0,0.445,15.49,False,811.8,134.3,0.3,0.586,0.657,0.183,43,0.456,0.696,1,1.123,-0.057,1
hist_monza_like,HARVEST,0,0.964,6.01,True,800.0,136.3,0.3,0.945,0.796,0.267,27,0.284,0.811,4,1.213,-0.038,-1
hist_monza_like,HOLD,1,0.607,-0.41,True,440.0,169.3,0.3,0.744,0.513,0.302,52,0.914,0.391,1,1.07,0.204,0
hist_monza_like,HARVEST,0,0.977,-0.89,False,411.8,135.8,0.3,0.659,0.876,0.442,16,1.653,0.0,1,1.274,0.003,-1
hist_monza_like,HARVEST,0,0.625,22.65,True,565.7,174.1,0.3,0.753,0.869,0.163,20,2.947,0.0,4,2.997,-0.113,-1
hist_monza_like,PARTIAL_DEPLOY,0,0.732,21.7,True,926.2,178.3,0.3,0.646,0.672,0.392,27,0.248,0.835,5,1.524,-0.165,1
hist_monza_like,HOLD,1,1.041,-3.7,True,573.9,143.1,0.3,0.898,0.893,0.226,34,3.196,0.0,0,2.223,-0.246,0
hist_monza_like,FULL_DEPLOY,0,1.585,4.28,False,600.9,119.6,0.3,0.82,0.74,0.432,41,2.544,0.0,6,1.566,0.049,2
hist_monza_like,PARTIAL_DEPLOY,0,1.995,21.14,True,597.0,98.9,0.3,0.803,0.893,0.227,45,1.118,0.255,0,0.329,0.048,1
hist_monza_like,HOLD,0,0.564,9.42,False,689.6,144.9,0.3,0.703,0.807,0.249,38,0.587,0.609,3,1.986,0.112,0
hist_monza_like,FULL_DEPLOY,0,1.812,18.72,True,705.9,129.8,0.3,0.688,0.764,0.306,28,2.447,0.0,3,2.567,0.062,2
hist_monza_like,HOLD,0,0.825,7.56,True,640.1,164.7,0.3,0.708,0.504,0.396,50,2.632,0.0,0,2.75,-0.04,0
hist_monza_like,HOLD,0,1.253,7.33,False,366.4,145.9,0.3,0.821,0.824,0.314,54,0.565,0.623,0,2.73,-0.104,0
hist_monza_like,PARTIAL_DEPLOY,1,1.491,-1.85,True,648.5,101.9,0.3,0.766,0.937,0.262,18,2.924,0.0,2,2.759,-0.124,1
hist_monza_like,PARTIAL_DEPLOY,0,1.628,11.39,True,515.2,157.9,0.3,0.64,0.804,0.32,26,3.389,0.0,6,1.76,0.169,1
hist_monza_like,HARVEST,0,0.964,18.55,False,409.6,174.6,0.3,0.593,0.605,0.06,36,1.215,0.19,4,0.82,-0.188,-1
hist_monza_like,PARTIAL_DEPLOY,0,1.334,-0.92,True,758.1,93.3,0.3,0.948,0.552,0.144,35,0.561,0.626,3,1.239,0.293,1
hist_monza_like,HOLD,0,1.782,17.92,False,384.8,115.2,0.3,0.826,0.598,0.228,16,3.009,0.0,0,2.947,-0.314,0
hist_monza_like,HARVEST,0,0.856,1.64,True,889.2,166.3,0.3,0.732,0.798,0.307,39,3.402,0.0,0,2.403,0.004,-1
hist_monza_like,HARVEST,1,1.677,14.4,False,692.2,159.7,0.3,0.865,0.768,0.161,10,3.458,0.0,4,0.902,-0.134,-1
hist_monza_like,HARVEST,0,0.781,22.6,False,846.3,91.4,0.3,0.656,0.557,0.218,8,2.635,0.0,3,1.455,-0.174,-1
hist_monza_like,HOLD,1,1.896,-3.48,False,772.1,131.2,0.3,0.936,0.527,0.242,26,1.549,0.0,0,1.573,-0.18,0
hist_monza_like,HOLD,0,0.225,4.63,False,618.5,139.4,0.3,0.68,0.948,0.262,30,1.819,0.0,3,0.478,-0.117,0
hist_monza_like,HOLD,1,0.917,26.08,True,720.7,155.7,0.3,0.675,0.641,0.152,10,2.435,0.0,3,0.388,-0.178,0
hist_monza_like,PARTIAL_DEPLOY,0,1.642,14.47,False,592.2,140.5,0.3,0.682,0.555,0.191,43,3.3,0.0,3,2.631,-0.095,1
hist_monza_like,PARTIAL_DEPLOY,1,0.297,12.76,True,361.0,121.5,0.3,0.773,0.552,0.161,15,2.845,0.0,6,1.771,0.043,1
hist_monza_like,HARVEST,0,1.257,18.02,False,442.1,92.6,0.3,0.659,0.843,0.419,23,0.121,0.919,6,0.601,-0.042,-1
hist_monza_like,HARVEST,0,0.274,13.57,True,565.9,118.0,0.3,0.68,0.924,0.288,4,0.629,0.581,6,1.93,0.034,-1
hist_monza_like,FULL_DEPLOY,1,1.253,9.5,True,543.8,136.1,0.3,0.688,0.55,0.321,38,1.755,0.0,5,1.064,0.106,2
hist_monza_like,HOLD,0,0.673,2.39,True,645.4,90.7,0.3,0.849,0.579,0.202,46,0.882,0.412,4,2.533,0.178,0
hist_monza_like,HARVEST,1,0.929,11.09,True,595.6,118.2,0.3,0.722,0.682,0.306,19,0.492,0.672,0,2.905,0.229,-1
hist_monza_like,PARTIAL_DEPLOY,1,0.267,24.56,True,495.0,125.6,0.3,0.674,0.653,0.183,11,0.36,0.76,5,0.519,-0.129,1
hist_monza_like,HOLD,0,0.549,0.13,True,629.6,144.2,0.3,0.854,0.795,0.121,50,2.235,0.0,3,2.312,0.014,0
hist_monza_like,PARTIAL_DEPLOY,0,1.742,16.95,True,797.4,117.3,0.3,0.66,0.525,0.253,20,1.67,0.0,0,0.359,0.09,1
hist_monza_like,HARVEST,1,1.269,12.75,True,597.8,139.9,0.3,0.867,0.903,0.23,52,2.044,0.0,1,1.1,-0.113,-1
hist_monza_like,HARVEST,0,1.641,24.31,False,836.6,93.5,0.3,0.833,0.946,0.26,40,0.64,0.573,2,2.77,0.146,-1
hist_monza_like,HARVEST,1,1.6,17.66,True,818.2,98.5,0.3,0.821,0.628,0.339,43,3.379,0.0,4,2.645,-0.132,-1
hist_monza_like,PARTIAL_DEPLOY,1,0.689,17.96,False,812.4,97.6,0.3,0.774,0.79,0.181,9,2.378,0.0,6,2.852,0.228,1
hist_monza_like,FULL_DEPLOY,0,1.066,-4.36,True,644.1,175.6,0.3,0.687,0.845,0.127,9,0.627,0.582,2,2.564,0.276,2
hist_monza_like,HARVEST,0,1.358,25.67,False,578.9,106.3,0.3,0.827,0.781,0.411,47,1.588,0.0,3,1.22,-0.066,-1
hist_monza_like,FULL_DEPLOY,0,0.545,3.37,False,260.8,160.6,0.3,0.912,0.587,0.321,37,3.447,0.0,3,2.354,0.042,2
hist_monza_like,HOLD,1,1.652,23.04,True,650.0,168.7,0.3,0.772,0.546,0.388,55,0.524,0.651,0,2.337,0.286,0
hist_monza_like,FULL_DEPLOY,0,0.274,26.87,False,972.3,169.6,0.3,0.922,0.687,0.209,24,0.902,0.399,0,1.25,0.455,2
hist_monza_like,PARTIAL_DEPLOY,0,1.604,-0.18,True,761.2,102.5,0.3,0.832,0.702,0.052,6,0.165,0.89,1,2.538,-0.271,1
hist_monza_like,HARVEST,0,1.575,3.32,True,577.0,111.5,0.3,0.806,0.78,0.075,54,3.177,0.0,4,1.701,-0.177,-1
hist_monza_like,PARTIAL_DEPLOY,0,0.916,16.52,True,458.1,97.7,0.3,0.94,0.53,0.26,33,2.774,0.0,4,1.752,0.148,1
hist_monza_like,PARTIAL_DEPLOY,1,0.582,-4.43,False,757.4,121.0,0.3,0.843,0.783,0.359,48,2.673,0.0,1,0.324,-0.351,1
hist_monza_like,FULL_DEPLOY,1,1.964,11.75,True,807.6,174.9,0.3,0.565,0.591,0.366,3,1.173,0.218,2,1.643,0.238,2
hist_monza_like,HOLD,1,0.644,25.17,True,637.2,149.0,0.3,0.659,0.86,0.225,26,2.627,0.0,3,1.149,0.119,0
hist_monza_like,PARTIAL_DEPLOY,1,1.622,20.45,True,427.0,139.1,0.3,0.678,0.536,0.314,20,1.616,0.0,5,1.393,-0.223,1
hist_monza_like,PARTIAL_DEPLOY,0,1.268,10.22,False,520.3,161.2,0.3,0.573,0.802,0.212,33,2.824,0.0,5,0.648,0.381,1
hist_monza_like,FULL_DEPLOY,0,0.166,-2.65,False,551.6,141.1,0.3,0.792,0.806,0.43,24,1.609,0.0,0,1.807,0.146,2
hist_monza_like,HOLD,0,1.925,-4.09,True,622.2,136.6,0.3,0.915,0.553,0.36,46,1.617,0.0,4,1.0,0.201,0
hist_monza_like,HARVEST,0,0.959,26.45,True,843.4,166.1,0.3,0.678,0.656,0.076,35,1.087,0.275,2,2.584,0.159,-1
hist_monza_like,PARTIAL_DEPLOY,0,1.067,-0.75,True,316.4,102.5,0.3,0.866,0.512,0.272,24,1.689,0.0,4,0.563,0.055,1
hist_monza_like,FULL_DEPLOY,0,1.099,21.92,False,1009.5,147.8,0.3,0.73,0.806,0.188,54,2.753,0.0,5,1.846,0.24,2
hist_monza_like,HARVEST,1,1.68,13.13,True,571.6,104.6,0.3,0.924,0.601,0.429,34,3.143,0.0,6,0.421,0.166,-1
hist_monza_like,PARTIAL_DEPLOY,0,1.267,-1.73,False,484.2,105.4,0.3,0.8,0.906,0.185,37,0.24,0.84,6,0.279,-0.144,1
hist_monza_like,HOLD,1,1.557,9.58,False,710.5,134.8,0.3,0.801,0.63,0.433,31,0.933,0.378,6,2.118,-0.023,0
hist_monza_like,FULL_DEPLOY,1,0.89,11.26,True,834.8,118.7,0.3,0.945,0.655,0.209,49,1.36,0.093,4,0.497,0.312,2
hist_monza_like,HOLD,0,0.284,5.16,True,726.6,145.4,0.3,0.649,0.889,0.114,21,3.275,0.0,5,1.076,0.019,0
hist_monza_like,FULL_DEPLOY,1,1.77,12.41,True,520.1,111.7,0.3,0.783,0.522,0.163,39,3.1,0.0,5,2.083,0.137,2
hist_monza_like,HOLD,0,1.777,20.46,False,668.7,122.9,0.3,0.71,0.757,0.128,36,1.081,0.279,3,1.612,0.015,0
hist_monza_like,HARVEST,1,0.344,-1.62,True,841.0,122.9,0.3,0.608,0.771,0.211,3,0.254,0.831,1,2.198,-0.021,-1
hist_monza_like,HOLD,1,0.723,16.46,True,478.8,179.2,0.3,0.846,0.635,0.185,54,1.833,0.0,3,2.184,-0.113,0
hist_monza_like,HARVEST,0,1.962,15.43,False,614.6,92.4,0.3,0.74,0.935,0.363,50,2.067,0.0,1,2.22,-0.302,-1
hist_monza_like,FULL_DEPLOY,0,0.381,18.83,True,604.0,175.3,0.3,0.594,0.509,0.175,10,1.504,0.0,1,1.349,0.07,2
hist_monza_like,HARVEST,0,1.441,13.15,False,821.1,123.9,0.3,0.933,0.707,0.263,35,1.305,0.13,6,2.629,-0.003,-1
hist_monza_like,FULL_DEPLOY,0,0.465,3.63,False,404.6,110.2,0.3,0.939,0.634,0.166,14,2.447,0.0,3,1.088,-0.271,2
hist_monza_like,PARTIAL_DEPLOY,0,0.647,15.07,True,769.2,121.1,0.3,0.859,0.566,0.067,46,0.369,0.754,3,2.037,-0.122,1
hist_monza_like,PARTIAL_DEPLOY,1,1.873,19.37,True,545.9,145.4,0.3,0.785,0.609,0.318,34,0.867,0.422,1,0.347,-0.272,1
hist_monza_like,HOLD,1,0.11,14.26,False,357.6,169.1,0.3,0.741,0.59,0.436,21,1.07,0.287,0,2.742,0.258,0
hist_monza_like,HARVEST,1,1.835,1.13,False,754.5,105.8,0.3,0.918,0.949,0.209,32,0.733,0.511,5,2.894,0.366,-1
hist_monza_like,HARVEST,1,1.864,6.73,True,534.6,170.0,0.3,0.604,0.727,0.159,52,0.483,0.678,1,2.247,-0.189,-1
hist_monza_like,PARTIAL_DEPLOY,0,1.602,14.87,False,458.3,105.8,0.3,0.892,0.904,0.381,33,1.215,0.19,3,2.074,0.044,1
hist_monza_like,HOLD,0,0.113,8.43,True,635.7,142.4,0.3,0.779,0.618,0.194,16,0.311,0.793,0,1.503,0.178,0
hist_monza_like,PARTIAL_DEPLOY,0,1.412,17.35,False,842.6,123.1,0.3,0.638,0.931,0.241,30,2.642,0.0,4,1.246,-0.131,1
hist_monza_like,HOLD,0,1.548,18.81,False,692.6,137.5,0.3,0.695,0.913,0.095,54,1.962,0.0,4,0.766,-0.238,0
hist_monza_like,FULL_DEPLOY,0,0.321,2.19,False,629.5,98.2,0.3,0.754,0.864,0.231,33,1.512,0.0,4,0.362,-0.353,2
hist_monza_like,FULL_DEPLOY,0,0.583,-4.89,True,791.2,153.0,0.3,0.766,0.527,0.408,31,0.208,0.861,3,0.704,0.093,2
hist_monza_like,FULL_DEPLOY,1,0.811,26.2,True,811.6,172.5,0.3,0.701,0.536,0.436,35,0.552,0.632,6,1.174,0.108,2
hist_monza_like,HOLD,0,1.686,21.47,False,417.4,128.2,0.3,0.702,0.603,0.234,10,1.037,0.309,5,2.343,0.073,0
hist_monza_like,HARVEST,0,0.557,-2.64,False,694.3,130.2,0.3,0.819,0.892,0.148,3,1.468,0.021,1,1.711,0.01,-1
hist_monza_like,PARTIAL_DEPLOY,0,0.545,27.07,False,421.8,163.7,0.3,0.645,0.894,0.444,34,0.852,0.432,2,0.97,-0.161,1
hist_monza_like,HOLD,0,1.289,9.95,True,580.0,177.5,0.3,0.927,0.802,0.364,21,2.467,0.0,3,0.618,-0.239,0
hist_monza_like,HOLD,0,0.671,19.77,False,815.8,177.1,0.3,0.773,0.56,0.147,14,1.223,0.185,0,2.782,-0.131,0
hist_monza_like,HOLD,0,0.198,8.2,False,595.9,93.6,0.3,0.579,0.862,0.285,43,2.0,0.0,3,0.785,0.142,0
hist_monza_like,HOLD,0,1.881,28.67,True,821.3,111.8,0.3,0.792,0.592,0.416,36,1.193,0.205,2,1.266,-0.001,0
hist_monza_like,FULL_DEPLOY,0,0.985,23.1,False,620.3,158.5,0.3,0.678,0.591,0.175,3,2.013,0.0,1,2.276,0.253,2
hist_monza_like,FULL_DEPLOY,1,0.661,1.87,True,548.0,139.6,0.3,0.927,0.652,0.355,32,3.386,0.0,5,2.271,-0.064,2
hist_monza_like,HOLD,0,1.469,12.09,False,709.4,138.8,0.3,0.807,0.526,0.064,55,0.353,0.765,6,2.071,0.019,0
hist_monza_like,HOLD,1,0.229,0.29,True,599.0,147.4,0.3,0.924,0.911,0.314,2,0.122,0.919,4,1.352,0.019,0
hist_monza_like,PARTIAL_DEPLOY,1,0.133,23.46,False,675.2,162.6,0.3,0.914,0.548,0.089,10,0.919,0.387,4,1.674,0.063,1
hist_monza_like,PARTIAL_DEPLOY,0,1.923,11.06,True,608.8,164.5,0.3,0.582,0.946,0.31,3,0.418,0.721,3,1.256,-0.16,1
hist_monza_like,HARVEST,0,1.05,10.19,False,682.1,140.9,0.3,0.893,0.543,0.261,3,0.881,0.413,6,2.138,-0.145,-1
hist_monza_like,PARTIAL_DEPLOY,0,1.809,14.72,True,767.5,176.5,0.3,0.785,0.839,0.335,26,3.258,0.0,2,0.655,-0.075,1
hist_monza_like,PARTIAL_DEPLOY,0,0.829,20.89,False,934.1,152.0,0.3,0.581,0.835,0.188,7,1.586,0.0,6,0.413,-0.218,1
hist_monza_like,PARTIAL_DEPLOY,1,0.156,4.57,False,509.6,174.7,0.3,0.723,0.806,0.314,6,2.725,0.0,2,2.435,0.011,1
hist_monza_like,HOLD,1,1.505,6.08,True,589.6,90.5,0.3,0.673,0.662,0.158,9,0.397,0.735,3,1.457,-0.193,0
hist_monza_like,PARTIAL_DEPLOY,1,1.153,15.89,False,665.5,127.2,0.3,0.862,0.826,0.274,16,2.045,0.0,1,2.119,-0.024,1
hist_monza_like,HOLD,0,0.22,10.21,True,753.9,133.6,0.3,0.581,0.613,0.149,41,1.786,0.0,4,0.748,0.133,0
hist_monza_like,PARTIAL_DEPLOY,0,1.699,8.3,False,501.9,164.1,0.3,0.81,0.767,0.17,39,3.321,0.0,1,1.541,0.078,1
hist_monza_like,FULL_DEPLOY,0,1.939,22.37,True,785.8,115.2,0.3,0.864,0.664,0.423,13,2.114,0.0,4,0.704,0.005,2
hist_monza_like,HOLD,0,0.933,5.2,False,762.2,126.8,0.3,0.75,0.785,0.147,43,0.624,0.584,3,2.409,-0.323,0
hist_monza_like,FULL_DEPLOY,0,1.115,27.32,False,855.6,127.6,0.3,0.565,0.936,0.331,52,1.925,0.0,5,2.76,0.117,2
hist_monza_like,HOLD,0,1.329,-3.45,False,583.3,157.7,0.3,0.936,0.694,0.054,17,0.855,0.43,5,1.653,-0.181,0
hist_monza_like,FULL_DEPLOY,1,0.98,18.78,False,554.9,103.6,0.3,0.949,0.717,0.168,6,0.495,0.67,5,0.597,-0.084,2
hist_monza_like,FULL_DEPLOY,0,0.762,-1.58,False,596.5,94.0,0.3,0.834,0.51,0.187,7,2.402,0.0,1,2.804,0.022,2
hist_monza_like,PARTIAL_DEPLOY,1,1.164,28.55,True,469.6,126.5,0.3,0.624,0.788,0.223,2,2.607,0.0,1,1.459,-0.017,1
hist_monza_like,PARTIAL_DEPLOY,1,1.529,23.31,True,894.1,106.8,0.3,0.68,0.706,0.155,32,1.894,0.0,5,1.078,0.242,1
hist_monza_like,PARTIAL_DEPLOY,0,1.706,16.61,False,746.5,153.5,0.3,0.669,0.777,0.084,9,1.165,0.223,1,1.055,0.126,1
hist_monza_like,FULL_DEPLOY,0,1.233,15.12,True,464.4,172.7,0.3,0.922,0.578,0.117,19,0.577,0.615,2,2.558,0.021,2
hist_monza_like,FULL_DEPLOY,1,0.359,23.53,False,445.1,135.5,0.3,0.748,0.808,0.216,54,1.609,0.0,1,0.431,0.332,2
hist_monza_like,PARTIAL_DEPLOY,0,0.527,5.1,False,413.5,134.6,0.3,0.754,0.758,0.157,35,2.899,0.0,2,1.718,-0.138,1
hist_monza_like,HOLD,0,1.981,-1.42,False,396.8,157.6,0.3,0.669,0.95,0.23,23,3.031,0.0,0,1.429,0.346,0
hist_monza_like,PARTIAL_DEPLOY,0,1.736,16.36,True,454.0,163.2,0.3,0.872,0.757,0.263,39,1.932,0.0,2,2.941,-0.234,1
hist_monza_like,HARVEST,1,0.358,21.25,True,838.6,95.3,0.3,0.661,0.795,0.331,9,0.949,0.367,5,1.102,0.006,-1
hist_monza_like,HOLD,0,1.197,4.41,True,447.0,169.2,0.3,0.587,0.732,0.161,24,1.646,0.0,3,1.116,0.084,0
hist_monza_like,FULL_DEPLOY,0,1.306,19.41,False,654.0,161.6,0.3,0.709,0.936,0.38,32,1.013,0.325,6,0.994,-0.101,2
hist_monza_like,PARTIAL_DEPLOY,0,1.799,21.68,True,449.6,91.5,0.3,0.922,0.571,0.233,28,0.788,0.475,5,2.746,-0.271,1
hist_monza_like,PARTIAL_DEPLOY,1,0.277,7.62,True,564.2,149.8,0.3,0.81,0.523,0.3,47,2.478,0.0,1,1.402,0.075,1
hist_monza_like,HARVEST,0,0.352,2.92,False,881.0,163.5,0.3,0.945,0.69,0.103,5,0.878,0.415,0,2.246,0.018,-1
hist_monza_like,HOLD,0,0.827,23.47,False,728.0,147.7,0.3,0.821,0.531,0.275,40,2.31,0.0,3,1.183,0.076,0
hist_monza_like,FULL_DEPLOY,0,1.734,-1.97,True,653.1,124.6,0.3,0.935,0.642,0.106,18,2.292,0.0,1,1.75,-0.267,2
hist_monza_like,HARVEST,0,1.711,18.04,True,529.4,136.6,0.3,0.754,0.837,0.168,4,2.765,0.0,6,2.873,-0.098,-1
hist_monza_like,HARVEST,1,1.104,29.22,False,723.0,167.5,0.3,0.777,0.664,0.323,49,1.701,0.0,6,0.404,-0.043,-1
hist_monza_like,HARVEST,0,1.902,8.93,True,637.0,154.1,0.3,0.857,0.691,0.211,41,1.924,0.0,4,0.628,0.07,-1
hist_monza_like,HOLD,0,1.119,8.68,False,764.9,96.0,0.3,0.829,0.828,0.389,4,0.931,0.379,3,0.525,-0.261,0
hist_monza_like,HOLD,0,0.327,19.78,False,617.3,104.7,0.3,0.931,0.735,0.363,47,0.981,0.346,2,0.555,0.031,0
hist_monza_like,HARVEST,0,0.737,10.03,True,616.9,146.5,0.3,0.748,0.73,0.072,55,2.027,0.0,2,0.64,0.542,-1
hist_monza_like,HARVEST,0,0.534,12.81,True,335.4,167.7,0.3,0.648,0.712,0.203,10,0.708,0.528,6,0.299,0.104,-1
hist_monza_like,HOLD,1,0.711,9.57,False,642.0,123.6,0.3,0.751,0.906,0.122,52,1.854,0.0,0,2.871,0.08,0
hist_monza_like,PARTIAL_DEPLOY,0,0.722,14.36,True,720.4,108.1,0.3,0.776,0.637,0.299,30,1.352,0.099,3,2.994,0.053,1
hist_monza_like,HOLD,1,0.386,27.63,True,444.0,152.4,0.3,0.554,0.651,0.354,25,2.987,0.0,5,1.061,-0.073,0
hist_monza_like,HARVEST,0,1.948,-0.02,True,1061.7,94.0,0.3,0.643,0.88,0.215,24,1.659,0.0,5,0.438,0.088,-1
hist_monza_like,HARVEST,0,1.225,-2.82,False,734.9,166.6,0.3,0.92,0.677,0.383,21,1.181,0.213,2,0.854,0.122,-1
hist_monza_like,HARVEST,0,0.395,0.75,True,621.8,126.6,0.3,0.764,0.934,0.133,20,1.675,0.0,6,0.536,0.167,-1
hist_monza_like,HARVEST,1,0.509,24.98,True,554.7,125.7,0.3,0.57,0.634,0.378,12,0.206,0.863,3,2.593,-0.51,-1
hist_monza_like,HARVEST,0,1.627,-0.11,True,584.7,164.7,0.3,0.943,0.559,0.379,24,2.433,0.0,5,0.435,-0.383,-1
hist_monza_like,HARVEST,1,0.476,17.61,False,893.6,162.8,0.3,0.599,0.924,0.07,37,1.573,0.0,5,1.306,0.212,-1
hist_monza_like,HOLD,0,1.826,4.62,True,691.9,103.4,0.3,0.796,0.778,0.309,32,1.501,0.0,4,1.541,0.167,0
hist_monza_like,HOLD,0,1.298,23.08,False,911.2,122.3,0.3,0.768,0.718,0.415,33,1.193,0.205,2,0.703,-0.023,0
hist_monza_like,PARTIAL_DEPLOY,0,0.211,29.7,True,745.7,159.0,0.3,0.95,0.938,0.09,43,0.92,0.387,4,2.486,0.059,1
hist_monza_like,HOLD,1,1.194,29.39,True,1075.6,105.6,0.3,0.645,0.643,0.345,23,3.208,0.0,0,2.17,-0.245,0
hist_monza_like,HOLD,0,1.69,23.36,False,805.9,138.8,0.3,0.62,0.517,0.072,39,0.844,0.437,4,1.538,-0.136,0
hist_monza_like,PARTIAL_DEPLOY,0,1.462,27.16,False,635.9,142.8,0.3,0.917,0.848,0.389,24,3.366,0.0,2,2.173,0.038,1
hist_monza_like,PARTIAL_DEPLOY,1,0.359,0.51,False,480.4,161.3,0.3,0.934,0.792,0.12,36,2.458,0.0,4,2.404,0.045,1
hist_monza_like,PARTIAL_DEPLOY,0,1.495,5.31,True,883.4,141.6,0.3,0.89,0.847,0.277,12,2.148,0.0,6,2.909,0.004,1
hist_monza_like,HOLD,1,0.729,-2.28,True,840.5,118.8,0.3,0.804,0.933,0.379,43,2.273,0.0,2,1.451,-0.014,0
hist_monza_like,PARTIAL_DEPLOY,0,1.595,20.21,True,505.2,105.0,0.3,0.716,0.897,0.19,25,0.445,0.703,3,2.408,0.079,1
hist_monza_like,FULL_DEPLOY,1,0.24,24.6,True,530.9,118.7,0.3,0.931,0.533,0.118,25,0.647,0.569,0,1.732,0.071,2
hist_monza_like,FULL_DEPLOY,1,1.439,10.1,False,524.9,94.8,0.3,0.682,0.938,0.214,36,2.555,0.0,5,1.712,-0.133,2
hist_monza_like,FULL_DEPLOY,1,1.186,24.39,True,543.3,122.5,0.3,0.721,0.633,0.315,39,1.733,0.0,0,0.272,0.079,2
hist_monza_like,HARVEST,1,0.686,8.91,True,615.2,139.0,0.3,0.624,0.898,0.198,29,0.252,0.832,3,1.502,-0.074,-1
hist_monza_like,HARVEST,1,0.263,7.03,True,767.3,177.4,0.3,0.786,0.749,0.386,53,1.877,0.0,4,2.124,0.24,-1
hist_monza_like,PARTIAL_DEPLOY,1,0.25,26.6,False,327.8,162.0,0.3,0.821,0.779,0.098,49,1.627,0.0,1,2.922,-0.006,1
hist_monza_like,FULL_DEPLOY,0,0.484,23.79,True,577.3,143.6,0.3,0.678,0.827,0.373,6,1.42,0.053,3,1.746,0.15,2
hist_monza_like,HARVEST,0,1.594,16.81,True,514.2,103.3,0.3,0.785,0.841,0.426,7,2.013,0.0,0,2.4,0.1,-1
hist_monza_like,PARTIAL_DEPLOY,0,0.828,12.0,False,421.4,93.4,0.3,0.66,0.565,0.293,45,1.466,0.023,3,2.691,-0.072,1
hist_monza_like,PARTIAL_DEPLOY,0,1.804,-4.29,False,610.2,134.2,0.3,0.828,0.544,0.398,9,1.122,0.252,5,1.441,0.153,1
hist_monza_like,HARVEST,0,0.457,2.4,False,544.4,156.7,0.3,0.854,0.89,0.378,33,2.791,0.0,0,1.071,-0.108,-1
hist_monza_like,HARVEST,1,0.43,25.63,True,686.4,94.6,0.3,0.694,0.59,0.197,30,1.817,0.0,5,2.785,0.018,-1
hist_monza_like,FULL_DEPLOY,0,0.437,25.47,False,548.6,121.5,0.3,0.615,0.903,0.35,45,0.407,0.729,0,1.282,0.136,2
hist_monza_like,HOLD,1,1.33,18.72,True,624.6,160.2,0.3,0.857,0.504,0.415,42,0.689,0.541,6,0.224,0.022,0
hist_monza_like,PARTIAL_DEPLOY,1,0.905,8.18,True,921.2,112.7,0.3,0.737,0.805,0.38,26,2.087,0.0,0,1.632,-0.201,1
hist_monza_like,PARTIAL_DEPLOY,0,0.667,-1.22,True,864.0,167.5,0.3,0.654,0.82,0.407,20,0.74,0.507,4,2.343,-0.021,1
hist_monza_like,FULL_DEPLOY,0,1.355,18.83,False,490.0,149.0,0.3,0.949,0.617,0.217,25,2.605,0.0,4,2.183,-0.117,2
hist_monza_like,HOLD,0,1.404,17.34,True,781.6,117.0,0.3,0.618,0.796,0.273,19,0.432,0.712,1,2.275,-0.069,0
hist_monza_like,PARTIAL_DEPLOY,0,1.343,2.78,True,460.4,168.4,0.3,0.718,0.899,0.199,38,1.1,0.267,6,0.53,0.268,1
hist_monza_like,HARVEST,0,0.997,1.81,True,572.3,127.2,0.3,0.898,0.568,0.447,22,1.491,0.006,4,2.7,-0.223,-1
hist_monza_like,HOLD,1,1.58,12.07,False,643.0,105.9,0.3,0.804,0.502,0.159,49,2.73,0.0,4,2.341,-0.339,0
hist_monza_like,FULL_DEPLOY,0,1.304,9.12,False,619.1,107.9,0.3,0.699,0.506,0.179,54,1.906,0.0,0,2.095,0.037,2
hist_monza_like,PARTIAL_DEPLOY,1,0.693,-1.41,True,568.9,117.6,0.3,0.576,0.521,0.429,30,2.575,0.0,4,1.668,-0.279,1
hist_monza_like,FULL_DEPLOY,0,0.783,1.59,False,782.8,110.6,0.3,0.841,0.559,0.344,38,1.816,0.0,0,1.226,-0.1,2
hist_monza_like,PARTIAL_DEPLOY,1,1.565,16.81,False,616.4,94.3,0.3,0.593,0.876,0.069,8,1.517,0.0,3,0.546,-0.005,1
hist_monza_like,HARVEST,1,0.672,18.16,False,624.4,102.3,0.3,0.882,0.547,0.338,8,1.061,0.293,6,0.498,0.271,-1
hist_monza_like,HOLD,0,0.78,9.34,True,745.0,139.3,0.3,0.914,0.81,0.242,16,0.109,0.927,5,0.449,0.201,0
hist_monza_like,HARVEST,0,1.581,-2.37,False,828.2,131.1,0.3,0.941,0.619,0.07,53,0.694,0.537,0,2.586,-0.162,-1
hist_monza_like,HARVEST,1,0.28,21.54,True,823.5,166.7,0.3,0.815,0.577,0.193,29,3.347,0.0,2,2.66,0.306,-1
hist_monza_like,FULL_DEPLOY,0,0.86,10.98,False,586.9,128.0,0.3,0.904,0.575,0.103,47,0.299,0.801,6,0.646,-0.212,2
hist_monza_like,FULL_DEPLOY,1,0.444,8.29,True,751.0,92.6,0.3,0.824,0.877,0.439,9,1.742,0.0,3,0.516,-0.052,2
hist_monza_like,PARTIAL_DEPLOY,1,0.123,25.39,True,640.4,110.2,0.3,0.932,0.893,0.258,45,2.482,0.0,0,1.412,-0.321,1
hist_monza_like,FULL_DEPLOY,1,0.382,23.93,False,479.8,145.2,0.3,0.555,0.92,0.252,31,2.996,0.0,6,0.663,0.002,2
hist_monza_like,PARTIAL_DEPLOY,1,0.196,2.79,False,559.9,131.3,0.3,0.871,0.702,0.393,29,1.175,0.217,3,2.287,0.084,1
hist_monza_like,HARVEST,0,1.669,22.71,False,667.0,147.4,0.3,0.906,0.753,0.312,30,3.331,0.0,2,2.511,0.157,-1
hist_monza_like,FULL_DEPLOY,0,1.462,7.72,True,830.0,90.2,0.3,0.692,0.785,0.37,36,1.875,0.0,5,0.498,0.169,2
hist_monza_like,FULL_DEPLOY,1,0.303,16.38,True,544.6,173.7,0.3,0.707,0.706,0.363,46,1.249,0.167,6,1.361,0.341,2
hist_monza_like,FULL_DEPLOY,1,0.969,15.63,True,663.6,156.3,0.3,0.771,0.695,0.284,33,2.756,0.0,1,2.137,-0.004,2
hist_monza_like,PARTIAL_DEPLOY,0,1.058,8.46,False,894.6,172.4,0.3,0.855,0.623,0.435,19,1.64,0.0,1,0.587,-0.334,1
hist_monza_like,PARTIAL_DEPLOY,1,1.453,27.74,False,713.7,116.2,0.3,0.688,0.803,0.443,42,3.416,0.0,1,1.611,0.267,1
hist_monza_like,PARTIAL_DEPLOY,0,1.168,15.4,False,525.7,153.9,0.3,0.82,0.902,0.264,55,1.536,0.0,0,1.664,0.111,1
hist_monza_like,HOLD,1,0.607,22.49,False,615.7,95.6,0.3,0.864,0.592,0.266,23,2.868,0.0,0,1.925,-0.103,0
hist_monza_like,FULL_DEPLOY,1,0.551,22.45,False,478.0,115.9,0.3,0.816,0.917,0.205,51,3.418,0.0,2,2.904,0.311,2
hist_monza_like,FULL_DEPLOY,1,1.677,26.9,False,499.1,139.2,0.3,0.791,0.849,0.436,19,1.626,0.0,5,0.409,-0.268,2
hist_monza_like,HARVEST,0,0.914,14.48,True,592.9,142.6,0.3,0.652,0.649,0.334,10,0.236,0.843,2,1.871,0.042,-1
hist_monza_like,PARTIAL_DEPLOY,1,1.032,15.04,True,677.8,109.8,0.3,0.624,0.531,0.252,27,1.946,0.0,3,0.457,-0.171,1
hist_monza_like,PARTIAL_DEPLOY,1,0.658,28.26,False,752.2,132.7,0.3,0.775,0.838,0.31,8,2.374,0.0,3,0.873,-0.281,1
hist_monza_like,HARVEST,1,1.397,6.23,False,789.4,138.6,0.3,0.663,0.91,0.379,24,1.849,0.0,4,1.448,-0.067,-1
hist_monza_like,HARVEST,0,1.902,0.86,False,737.2,138.4,0.3,0.553,0.529,0.318,50,0.825,0.45,5,1.388,0.197,-1
hist_monza_like,FULL_DEPLOY,0,1.328,27.89,False,744.6,119.9,0.3,0.585,0.524,0.368,36,0.34,0.773,6,0.837,0.182,2
hist_monza_like,FULL_DEPLOY,1,0.701,8.63,True,798.4,90.5,0.3,0.838,0.528,0.348,3,2.483,0.0,0,1.202,-0.165,2
hist_monza_like,HARVEST,0,0.635,27.43,True,666.4,104.1,0.3,0.638,0.836,0.369,55,1.955,0.0,5,0.603,-0.045,-1
hist_monza_like,PARTIAL_DEPLOY,0,1.919,-4.61,False,351.7,102.7,0.3,0.567,0.758,0.208,36,3.32,0.0,2,0.788,-0.017,1
hist_monza_like,HOLD,1,0.406,2.73,False,682.5,162.0,0.3,0.891,0.883,0.423,36,1.668,0.0,4,0.405,0.119,0
hist_monza_like,FULL_DEPLOY,0,1.908,7.5,False,549.6,111.1,0.3,0.664,0.531,0.127,32,1.632,0.0,4,2.046,-0.04,2
hist_monza_like,PARTIAL_DEPLOY,1,1.921,0.9,True,702.6,147.7,0.3,0.661,0.662,0.322,22,3.085,0.0,3,1.447,-0.308,1
hist_monza_like,HARVEST,0,1.699,25.05,True,478.8,138.5,0.3,0.655,0.899,0.081,5,3.133,0.0,6,1.62,0.259,-1
hist_monza_like,HOLD,0,1.822,14.31,True,819.5,159.8,0.3,0.696,0.6,0.359,47,3.014,0.0,1,1.501,-0.002,0
hist_monza_like,HOLD,0,1.711,23.23,False,640.1,104.9,0.3,0.756,0.701,0.122,37,2.342,0.0,1,2.261,-0.188,0
hist_monza_like,FULL_DEPLOY,1,0.54,4.25,True,561.3,161.2,0.3,0.705,0.913,0.403,3,3.434,0.0,2,0.489,-0.211,2
hist_monza_like,PARTIAL_DEPLOY,1,1.199,14.96,True,608.1,124.1,0.3,0.785,0.904,0.081,17,1.38,0.08,1,1.646,-0.242,1
hist_spa_like,FULL_DEPLOY,0,1.786,-4.77,False,479.2,136.3,0.35,0.662,0.568,0.113,39,2.539,0.0,0,2.051,0.053,2
hist_spa_like,FULL_DEPLOY,0,1.01,15.68,False,648.6,127.0,0.35,0.647,0.558,0.287,9,2.24,0.0,0,2.694,0.073,2
hist_spa_like,FULL_DEPLOY,0,1.239,14.73,True,538.0,115.5,0.35,0.584,0.702,0.447,31,0.68,0.547,6,1.35,-0.289,2
hist_spa_like,PARTIAL_DEPLOY,0,0.419,19.0,False,734.9,143.7,0.35,0.578,0.67,0.103,2,0.788,0.475,6,2.746,-0.15,1
hist_spa_like,HOLD,0,1.004,16.52,True,617.5,100.6,0.35,0.743,0.559,0.291,53,0.104,0.931,6,2.1,-0.231,0
hist_spa_like,FULL_DEPLOY,0,0.536,23.08,False,645.4,124.3,0.35,0.786,0.834,0.355,45,2.059,0.0,3,0.575,-0.144,2
hist_spa_like,PARTIAL_DEPLOY,0,1.237,14.03,True,827.3,90.6,0.35,0.759,0.734,0.2,14,2.438,0.0,2,1.345,0.011,1
hist_spa_like,PARTIAL_DEPLOY,0,1.724,9.82,True,678.1,114.8,0.35,0.822,0.84,0.215,51,1.996,0.0,1,1.237,-0.144,1
hist_spa_like,PARTIAL_DEPLOY,1,1.571,8.93,True,629.5,110.7,0.35,0.863,0.927,0.09,33,1.462,0.025,2,2.442,-0.076,1
hist_spa_like,FULL_DEPLOY,0,1.933,-4.81,True,430.4,103.1,0.35,0.92,0.696,0.076,15,1.361,0.093,4,0.306,-0.431,2
hist_spa_like,PARTIAL_DEPLOY,0,1.452,15.91,False,671.6,129.5,0.35,0.631,0.796,0.372,19,0.762,0.492,6,1.879,-0.259,1
hist_spa_like,HARVEST,0,0.784,17.93,False,569.2,97.8,0.35,0.66,0.68,0.318,26,2.093,0.0,4,0.243,-0.129,-1
hist_spa_like,PARTIAL_DEPLOY,1,0.76,23.54,True,740.8,126.4,0.35,0.552,0.579,0.252,36,0.346,0.769,2,1.152,-0.051,1
hist_spa_like,PARTIAL_DEPLOY,0,1.419,28.81,False,700.7,159.3,0.35,0.853,0.933,0.234,30,3.148,0.0,6,0.277,0.056,1
hist_spa_like,HOLD,1,1.386,3.05,True,753.8,90.9,0.35,0.883,0.612,0.087,44,2.646,0.0,2,0.413,-0.067,0
hist_spa_like,PARTIAL_DEPLOY,0,0.447,21.12,False,508.7,107.1,0.35,0.845,0.606,0.147,17,0.803,0.465,1,2.538,0.097,1
hist_spa_like,HARVEST,0,1.848,18.65,False,387.5,138.7,0.35,0.567,0.717,0.298,32,3.154,0.0,4,2.633,-0.223,-1
hist_spa_like,PARTIAL_DEPLOY,1,0.856,21.26,True,605.0,137.3,0.35,0.719,0.923,0.063,23,1.439,0.041,5,2.373,-0.098,1
hist_spa_like,PARTIAL_DEPLOY,0,1.41,-4.59,True,463.8,145.2,0.35,0.654,0.747,0.145,31,3.359,0.0,2,1.225,-0.086,1
hist_spa_like,PARTIAL_DEPLOY,0,0.794,9.02,True,580.8,141.4,0.35,0.942,0.809,0.376,47,1.018,0.321,1,1.755,0.082,1
hist_spa_like,HOLD,1,0.999,-4.66,True,790.6,146.8,0.35,0.764,0.642,0.245,17,2.011,0.0,4,0.334,0.316,0
hist_spa_like,PARTIAL_DEPLOY,1,1.005,17.05,True,632.2,120.1,0.35,0.694,0.752,0.423,17,1.27,0.153,3,0.539,0.345,1
hist_spa_like,HOLD,0,1.961,4.96,True,321.6,130.2,0.35,0.581,0.776,0.236,10,3.052,0.0,5,2.462,-0.023,0
hist_spa_like,HARVEST,1,0.25,7.03,True,760.7,148.8,0.35,0.834,0.772,0.208,29,2.755,0.0,2,2.294,-0.217,-1
hist_spa_like,HARVEST,1,0.338,3.21,True,570.4,109.0,0.35,0.709,0.543,0.425,31,1.965,0.0,0,2.359,-0.333,-1
hist_spa_like,HOLD,1,0.26,27.61,True,505.1,110.6,0.35,0.845,0.699,0.101,34,2.951,0.0,0,0.298,-0.276,0
hist_spa_like,FULL_DEPLOY,0,1.952,13.92,True,207.2,152.8,0.35,0.621,0.769,0.302,41,3.083,0.0,3,1.666,0.18,2
hist_spa_like,HOLD,0,1.629,10.47,True,480.7,113.4,0.35,0.671,0.5,0.376,55,0.563,0.625,2,1.514,0.451,0
hist_spa_like,FULL_DEPLOY,1,0.669,21.81,False,360.4,139.3,0.35,0.625,0.897,0.225,16,0.655,0.563,5,2.009,-0.204,2
hist_spa_like,HOLD,0,1.082,23.0,False,486.7,152.5,0.35,0.659,0.792,0.263,18,1.504,0.0,6,0.392,0.063,0
hist_spa_like,FULL_DEPLOY,1,0.617,16.8,True,627.5,138.1,0.35,0.624,0.546,0.158,46,1.591,0.0,0,0.852,0.008,2
hist_spa_like,PARTIAL_DEPLOY,0,1.593,12.44,True,722.0,152.7,0.35,0.563,0.536,0.35,10,0.291,0.806,6,1.299,-0.122,1
hist_spa_like,PARTIAL_DEPLOY,0,1.653,23.99,True,592.9,159.4,0.35,0.727,0.832,0.063,30,2.6,0.0,0,1.659,-0.15,1
hist_spa_like,PARTIAL_DEPLOY,0,1.879,0.55,False,561.0,157.0,0.35,0.77,0.555,0.242,20,0.776,0.483,0,2.618,0.02,1
hist_spa_like,PARTIAL_DEPLOY,1,0.129,22.8,False,491.2,177.2,0.35,0.782,0.811,0.325,10,1.363,0.091,0,0.896,0.091,1
hist_spa_like,HARVEST,0,0.214,17.56,False,580.1,161.2,0.35,0.6,0.605,0.443,51,2.292,0.0,2,2.455,-0.121,-1
hist_spa_like,PARTIAL_DEPLOY,0,1.476,3.77,True,528.3,138.8,0.35,0.746,0.755,0.267,21,2.59,0.0,2,2.629,-0.246,1
hist_spa_like,HOLD,0,0.954,23.68,True,407.0,130.9,0.35,0.86,0.728,0.343,2,2.207,0.0,2,2.373,0.022,0
hist_spa_like,FULL_DEPLOY,1,0.461,18.91,False,649.3,126.9,0.35,0.679,0.543,0.314,3,2.94,0.0,1,0.7,0.134,2
hist_spa_like,HARVEST,0,1.185,24.27,False,593.9,137.3,0.35,0.831,0.615,0.197,39,2.541,0.0,0,2.805,0.06,-1
hist_spa_like,HARVEST,0,0.989,17.36,True,567.1,164.0,0.35,0.868,0.526,0.297,34,0.238,0.841,0,2.536,-0.42,-1
hist_spa_like,HARVEST,0,1.478,13.61,True,629.2,137.4,0.35,0.65,0.781,0.122,48,1.998,0.0,5,0.495,-0.121,-1
hist_spa_like,FULL_DEPLOY,0,1.777,0.84,True,469.1,104.2,0.35,0.949,0.699,0.191,21,1.97,0.0,2,2.566,0.105,2
hist_spa_like,PARTIAL_DEPLOY,0,1.256,14.71,True,691.2,158.9,0.35,0.92,0.614,0.435,29,3.363,0.0,0,2.234,0.268,1
hist_spa_like,PARTIAL_DEPLOY,1,0.112,29.45,True,477.8,174.9,0.35,0.879,0.914,0.255,37,3.248,0.0,1,0.464,0.315,1
hist_spa_like,HOLD,0,0.543,23.39,True,601.5,126.0,0.35,0.917,0.83,0.339,51,1.741,0.0,3,2.512,-0.097,0
hist_spa_like,PARTIAL_DEPLOY,1,0.171,23.29,True,643.7,120.1,0.35,0.902,0.695,0.422,8,3.057,0.0,1,2.294,-0.444,1
hist_spa_like,FULL_DEPLOY,1,0.203,13.35,True,300.5,140.8,0.35,0.681,0.814,0.111,44,2.587,0.0,3,2.919,0.005,2
hist_spa_like,FULL_DEPLOY,0,0.651,8.8,True,749.6,94.4,0.35,0.71,0.538,0.251,50,2.473,0.0,6,0.578,0.129,2
hist_spa_like,HOLD,1,1.166,29.9,True,516.8,111.8,0.35,0.657,0.694,0.324,37,0.405,0.73,5,1.358,-0.086,0
hist_spa_like,HARVEST,0,1.562,0.92,True,697.5,146.1,0.35,0.726,0.916,0.143,44,1.371,0.086,6,2.24,-0.325,-1
hist_spa_like,HOLD,0,1.751,23.7,True,706.3,152.4,0.35,0.595,0.703,0.059,14,2.616,0.0,1,0.771,-0.153,0
hist_spa_like,HOLD,0,1.421,18.39,True,732.4,113.0,0.35,0.574,0.59,0.329,18,0.28,0.813,5,2.846,-0.136,0
hist_spa_like,PARTIAL_DEPLOY,0,1.742,-4.33,False,669.6,148.4,0.35,0.642,0.671,0.441,7,3.173,0.0,3,2.627,-0.126,1
hist_spa_like,FULL_DEPLOY,1,1.165,19.94,True,693.0,134.1,0.35,0.848,0.508,0.324,23,2.226,0.0,1,2.989,-0.08,2
hist_spa_like,PARTIAL_DEPLOY,0,1.769,26.16,False,563.8,92.7,0.35,0.772,0.626,0.111,26,2.334,0.0,0,2.244,-0.299,1
hist_spa_like,HOLD,0,0.893,15.05,True,501.9,130.4,0.35,0.603,0.794,0.282,44,2.82,0.0,6,0.587,0.252,0
hist_spa_like,FULL_DEPLOY,0,1.992,29.15,True,282.7,174.0,0.35,0.917,0.643,0.273,47,0.503,0.665,2,2.551,0.03,2
hist_spa_like,FULL_DEPLOY,0,1.926,5.62,False,673.0,156.5,0.35,0.611,0.585,0.103,2,2.692,0.0,4,1.927,-0.256,2
hist_spa_like,HOLD,1,1.406,7.57,False,452.8,132.9,0.35,0.751,0.772,0.335,24,0.726,0.516,3,1.576,0.085,0
hist_spa_like,HARVEST,0,1.858,28.26,True,532.1,108.4,0.35,0.621,0.93,0.226,40,1.766,0.0,2,2.627,-0.119,-1
hist_spa_like,FULL_DEPLOY,0,1.468,8.8,False,477.2,141.5,0.35,0.764,0.789,0.332,3,1.87,0.0,3,1.479,0.295,2
hist_spa_like,FULL_DEPLOY,0,1.969,-3.63,True,616.6,107.1,0.35,0.726,0.898,0.359,19,1.669,0.0,3,1.024,-0.51,2
hist_spa_like,FULL_DEPLOY,0,1.677,10.81,False,468.2,100.2,0.35,0.861,0.922,0.328,9,1.436,0.043,2,1.462,0.115,2
hist_spa_like,HOLD,0,1.777,-1.84,True,439.3,104.8,0.35,0.843,0.541,0.332,41,1.334,0.111,4,2.18,-0.253,0
hist_spa_like,HOLD,0,0.819,8.32,False,176.4,172.1,0.35,0.776,0.797,0.11,10,0.708,0.528,5,0.344,-0.115,0
hist_spa_like,PARTIAL_DEPLOY,0,1.29,-0.89,True,641.1,112.8,0.35,0.733,0.885,0.267,1,2.167,0.0,3,0.866,0.267,1
hist_spa_like,HARVEST,0,1.242,-4.77,False,489.7,115.0,0.35,0.801,0.869,0.133,12,0.604,0.597,5,1.177,0.031,-1
hist_spa_like,PARTIAL_DEPLOY,0,0.729,-1.93,True,668.9,115.6,0.35,0.814,0.815,0.279,36,0.703,0.531,3,2.298,-0.005,1
hist_spa_like,PARTIAL_DEPLOY,0,0.8,8.26,True,611.2,128.5,0.35,0.77,0.632,0.104,45,3.022,0.0,2,1.676,-0.305,1
hist_spa_like,HARVEST,0,1.186,29.28,True,785.1,144.4,0.35,0.865,0.818,0.221,55,1.176,0.216,4,1.81,0.168,-1
hist_spa_like,FULL_DEPLOY,0,1.087,17.12,True,340.0,106.2,0.35,0.794,0.819,0.442,1,0.502,0.665,3,1.951,0.286,2
hist_spa_like,FULL_DEPLOY,0,0.887,6.68,False,565.3,108.1,0.35,0.663,0.856,0.173,33,1.97,0.0,6,0.217,-0.023,2
hist_spa_like,HARVEST,0,1.681,1.79,False,453.9,173.0,0.35,0.742,0.714,0.064,9,1.737,0.0,5,1.49,0.282,-1
hist_spa_like,FULL_DEPLOY,0,1.863,-3.04,True,372.7,140.0,0.35,0.557,0.76,0.183,51,1.302,0.132,1,0.985,-0.12,2
hist_spa_like,HOLD,0,1.185,8.63,False,663.7,167.8,0.35,0.851,0.817,0.176,3,1.023,0.318,0,1.592,0.017,0
hist_spa_like,HOLD,0,1.098,1.13,True,678.0,98.3,0.35,0.752,0.86,0.412,10,0.747,0.502,3,2.251,0.031,0
hist_spa_like,HARVEST,0,1.662,27.83,False,541.6,101.9,0.35,0.84,0.707,0.335,34,0.494,0.671,2,2.811,-0.104,-1
hist_spa_like,FULL_DEPLOY,0,1.789,-1.39,False,579.1,158.3,0.35,0.806,0.594,0.13,19,1.041,0.306,2,2.364,-0.043,2
hist_spa_like,HARVEST,1,0.129,16.8,True,474.7,108.6,0.35,0.69,0.643,0.107,46,2.834,0.0,4,0.886,0.249,-1
hist_spa_like,FULL_DEPLOY,1,0.196,-3.99,False,720.2,97.8,0.35,0.707,0.817,0.407,41,2.943,0.0,5,1.448,0.061,2
hist_spa_like,HARVEST,0,1.95,21.45,True,686.2,101.9,0.35,0.875,0.914,0.237,30,1.155,0.23,5,2.189,-0.142,-1
hist_spa_like,PARTIAL_DEPLOY,0,1.834,8.72,False,445.6,169.4,0.35,0.731,0.514,0.24,23,1.727,0.0,6,0.678,-0.304,1
hist_spa_like,HARVEST,1,0.871,20.0,True,377.0,140.1,0.35,0.578,0.636,0.234,38,1.506,0.0,4,0.882,0.124,-1
hist_spa_like,HOLD,0,1.646,15.68,False,337.5,139.0,0.35,0.644,0.798,0.081,46,2.052,0.0,3,0.52,0.139,0
hist_spa_like,FULL_DEPLOY,0,0.435,28.46,True,504.5,99.8,0.35,0.876,0.847,0.202,32,2.293,0.0,0,0.453,0.171,2
hist_spa_like,HARVEST,0,1.538,18.13,True,526.5,130.2,0.35,0.632,0.895,0.17,51,3.205,0.0,2,2.772,0.267,-1
hist_spa_like,HARVEST,0,1.207,16.4,True,487.6,166.3,0.35,0.891,0.528,0.41,4,0.103,0.931,4,2.498,-0.252,-1
hist_spa_like,HOLD,0,0.92,15.66,False,543.6,129.2,0.35,0.634,0.578,0.106,36,1.408,0.061,2,2.552,-0.198,0
hist_spa_like,HOLD,0,0.122,17.69,True,1007.5,169.6,0.35,0.813,0.939,0.104,9,2.284,0.0,3,2.608,0.242,0
hist_spa_like,HOLD,1,0.963,9.84,False,499.6,128.2,0.35,0.553,0.724,0.342,46,1.806,0.0,3,2.794,0.095,0
hist_spa_like,FULL_DEPLOY,1,1.439,-1.04,True,561.9,152.1,0.35,0.607,0.829,0.443,49,2.748,0.0,3,1.647,-0.272,2
hist_spa_like,HARVEST,0,1.4,13.87,False,334.0,138.2,0.35,0.554,0.704,0.412,37,2.595,0.0,3,1.188,-0.282,-1
hist_spa_like,PARTIAL_DEPLOY,0,1.481,14.73,True,562.5,132.6,0.35,0.618,0.523,0.446,52,2.607,0.0,0,1.003,0.206,1
hist_spa_like,PARTIAL_DEPLOY,1,0.579,16.55,True,569.2,144.3,0.35,0.914,0.833,0.314,24,2.847,0.0,2,2.391,0.329,1
hist_spa_like,HARVEST,0,0.751,-2.05,True,674.4,174.1,0.35,0.612,0.723,0.447,50,1.403,0.065,5,1.433,-0.089,-1
hist_spa_like,PARTIAL_DEPLOY,1,0.203,4.25,False,738.5,132.9,0.35,0.741,0.927,0.419,15,1.391,0.073,5,1.292,0.072,1
hist_spa_like,PARTIAL_DEPLOY,0,1.862,10.71,False,763.9,176.6,0.35,0.823,0.518,0.417,41,1.303,0.131,6,1.409,0.344,1
hist_spa_like,PARTIAL_DEPLOY,1,1.624,3.94,False,361.7,111.8,0.35,0.819,0.847,0.258,44,2.447,0.0,1,1.077,0.073,1
hist_spa_like,FULL_DEPLOY,0,0.286,-1.36,True,581.3,109.7,0.35,0.663,0.587,0.059,6,0.293,0.805,4,2.038,0.251,2
hist_spa_like,HARVEST,1,0.264,16.16,True,598.8,162.3,0.35,0.624,0.55,0.124,19,1.688,0.0,0,1.989,-0.288,-1
hist_spa_like,PARTIAL_DEPLOY,1,0.589,22.33,True,523.7,95.6,0.35,0.705,0.948,0.153,53,1.0,0.333,3,0.394,0.133,1
hist_spa_like,FULL_DEPLOY,1,0.306,13.92,True,526.4,129.7,0.35,0.654,0.516,0.078,47,0.952,0.365,3,0.253,-0.062,2
hist_spa_like,HARVEST,0,1.363,4.33,False,583.2,171.4,0.35,0.78,0.732,0.426,32,1.726,0.0,3,2.563,0.068,-1
hist_spa_like,HARVEST,0,0.83,19.12,False,714.4,179.2,0.35,0.683,0.636,0.072,42,0.408,0.728,4,2.589,0.171,-1
hist_spa_like,PARTIAL_DEPLOY,1,1.331,1.18,True,822.9,124.6,0.35,0.626,0.813,0.409,41,2.442,0.0,3,0.438,-0.219,1
hist_spa_like,HOLD,1,0.148,29.87,True,376.3,147.9,0.35,0.75,0.934,0.375,2,0.226,0.849,0,1.146,0.228,0
hist_spa_like,FULL_DEPLOY,0,1.886,25.46,True,429.6,156.7,0.35,0.643,0.532,0.344,32,2.323,0.0,3,2.74,-0.11,2
hist_spa_like,HARVEST,0,0.427,-3.25,True,624.9,105.4,0.35,0.786,0.868,0.093,32,2.123,0.0,4,0.818,-0.212,-1
hist_spa_like,FULL_DEPLOY,0,0.716,29.15,False,431.1,102.4,0.35,0.885,0.857,0.356,38,0.69,0.54,0,0.538,0.131,2
hist_spa_like,HOLD,0,0.933,27.4,True,815.3,145.1,0.35,0.861,0.507,0.245,1,0.125,0.917,0,2.179,0.228,0
hist_spa_like,FULL_DEPLOY,0,1.415,2.22,False,511.9,137.1,0.35,0.715,0.922,0.294,3,2.127,0.0,5,1.6,0.267,2
hist_spa_like,PARTIAL_DEPLOY,1,0.896,14.52,True,990.1,145.7,0.35,0.895,0.944,0.253,30,2.719,0.0,5,0.783,-0.046,1
hist_spa_like,FULL_DEPLOY,0,1.045,0.59,False,604.0,94.9,0.35,0.696,0.594,0.151,40,2.838,0.0,6,1.469,0.052,2
hist_spa_like,HOLD,0,1.592,11.98,True,769.6,143.3,0.35,0.68,0.589,0.321,21,0.882,0.412,0,1.113,-0.196,0
hist_spa_like,FULL_DEPLOY,0,1.794,-2.43,False,721.8,94.9,0.35,0.724,0.597,0.294,12,1.417,0.055,1,1.482,0.065,2
hist_spa_like,PARTIAL_DEPLOY,0,0.342,19.23,True,771.7,131.3,0.35,0.618,0.655,0.405,39,0.633,0.578,6,1.986,0.296,1
hist_spa_like,HOLD,0,0.264,24.99,True,521.0,179.6,0.35,0.787,0.877,0.162,47,1.556,0.0,6,0.891,-0.123,0
hist_spa_like,HOLD,0,1.836,26.44,True,1024.2,156.0,0.35,0.752,0.692,0.208,52,2.813,0.0,6,0.474,0.169,0
hist_spa_like,FULL_DEPLOY,0,1.905,-0.36,True,581.9,148.3,0.35,0.586,0.716,0.172,46,1.662,0.0,4,2.292,0.218,2
hist_spa_like,FULL_DEPLOY,1,0.451,25.5,False,577.8,146.5,0.35,0.704,0.811,0.262,19,1.548,0.0,2,2.155,-0.01,2
hist_spa_like,HARVEST,0,1.279,6.75,False,452.5,136.3,0.35,0.914,0.664,0.071,25,1.343,0.105,4,0.314,-0.193,-1
hist_spa_like,HOLD,1,0.363,6.72,True,434.6,157.7,0.35,0.898,0.816,0.351,49,0.866,0.423,2,2.714,-0.263,0
hist_spa_like,PARTIAL_DEPLOY,0,0.756,12.02,True,576.5,101.0,0.35,0.834,0.805,0.263,19,1.637,0.0,2,2.44,0.343,1
hist_spa_like,HARVEST,1,0.458,25.94,True,507.2,176.2,0.35,0.581,0.574,0.095,10,1.788,0.0,6,0.772,0.08,-1
hist_spa_like,HOLD,0,1.0,9.7,False,570.5,91.9,0.35,0.626,0.51,0.371,54,3.321,0.0,5,1.14,-0.257,0
hist_spa_like,FULL_DEPLOY,0,1.227,19.39,False,459.8,101.9,0.35,0.866,0.577,0.154,31,1.364,0.091,2,2.355,0.057,2
hist_spa_like,HOLD,0,1.275,0.63,True,621.0,106.4,0.35,0.62,0.819,0.412,51,0.622,0.585,1,0.527,0.261,0
hist_spa_like,PARTIAL_DEPLOY,1,0.451,14.69,True,523.8,123.6,0.35,0.766,0.573,0.171,2,1.476,0.016,3,2.352,0.168,1
hist_spa_like,PARTIAL_DEPLOY,1,1.33,5.34,False,469.2,177.3,0.35,0.852,0.947,0.317,52,2.022,0.0,3,1.148,0.174,1
hist_spa_like,HARVEST,0,0.685,9.06,False,517.7,95.0,0.35,0.807,0.763,0.139,50,1.045,0.303,0,0.434,0.029,-1
hist_spa_like,FULL_DEPLOY,0,0.469,6.12,False,397.1,174.9,0.35,0.913,0.662,0.109,55,1.554,0.0,3,1.244,-0.04,2
hist_spa_like,HARVEST,0,0.51,26.07,False,440.1,104.7,0.35,0.841,0.904,0.341,27,0.575,0.617,4,1.874,0.109,-1
hist_spa_like,PARTIAL_DEPLOY,1,0.226,28.6,False,680.1,98.0,0.35,0.714,0.911,0.216,36,1.671,0.0,4,2.315,0.084,1
hist_spa_like,FULL_DEPLOY,1,0.18,23.92,False,516.2,131.7,0.35,0.561,0.501,0.155,41,2.936,0.0,3,0.548,0.241,2
hist_spa_like,HOLD,1,0.154,21.77,True,473.3,177.4,0.35,0.79,0.663,0.242,28,3.052,0.0,5,2.121,0.365,0
hist_spa_like,HARVEST,0,1.706,0.7,True,449.5,102.2,0.35,0.615,0.623,0.218,23,0.266,0.823,2,1.683,0.372,-1
hist_spa_like,HOLD,1,1.553,15.96,True,509.8,119.0,0.35,0.676,0.88,0.37,18,2.431,0.0,5,1.215,-0.182,0
hist_spa_like,HOLD,0,1.085,8.06,True,402.7,99.2,0.35,0.612,0.6,0.125,36,2.186,0.0,6,2.867,0.371,0
hist_spa_like,HARVEST,1,0.893,27.06,True,385.0,101.8,0.35,0.557,0.657,0.326,9,2.878,0.0,4,1.665,0.121,-1
hist_spa_like,HARVEST,0,0.522,24.99,True,591.4,101.7,0.35,0.581,0.811,0.364,5,0.164,0.891,3,2.321,0.102,-1
hist_spa_like,HARVEST,0,0.991,26.8,True,598.9,117.1,0.35,0.554,0.543,0.1,39,0.798,0.468,1,0.717,-0.052,-1
hist_spa_like,PARTIAL_DEPLOY,0,1.903,7.17,True,337.8,111.8,0.35,0.778,0.545,0.281,1,1.898,0.0,5,0.736,-0.001,1
hist_spa_like,HARVEST,0,1.856,27.22,False,896.6,132.7,0.35,0.829,0.583,0.319,7,0.715,0.523,2,2.948,-0.214,-1
hist_spa_like,PARTIAL_DEPLOY,1,0.335,-1.14,True,598.1,140.1,0.35,0.566,0.648,0.096,19,1.654,0.0,5,1.074,-0.311,1
hist_spa_like,PARTIAL_DEPLOY,0,1.971,9.98,False,555.8,170.5,0.35,0.871,0.923,0.197,1,3.496,0.0,3,2.082,-0.193,1
hist_spa_like,HARVEST,1,0.372,9.02,False,854.2,178.0,0.35,0.576,0.939,0.185,39,2.97,0.0,3,0.544,0.272,-1
hist_spa_like,PARTIAL_DEPLOY,0,1.537,23.03,False,374.9,122.0,0.35,0.817,0.928,0.445,33,1.048,0.301,6,1.473,0.167,1
hist_spa_like,HOLD,0,0.156,20.82,False,545.1,106.1,0.35,0.792,0.647,0.171,40,0.428,0.715,0,2.051,0.001,0
hist_spa_like,PARTIAL_DEPLOY,1,1.358,12.16,True,558.2,120.9,0.35,0.894,0.746,0.431,3,3.468,0.0,0,1.274,-0.077,1
hist_spa_like,HARVEST,0,0.436,18.08,False,647.3,128.8,0.35,0.675,0.675,0.356,37,2.395,0.0,5,1.751,-0.079,-1
hist_spa_like,HOLD,0,1.063,8.7,True,538.6,177.4,0.35,0.797,0.659,0.441,21,0.309,0.794,4,0.326,0.096,0
hist_spa_like,HARVEST,1,1.554,16.88,True,160.9,127.1,0.35,0.573,0.61,0.144,20,2.115,0.0,5,0.383,0.271,-1
hist_spa_like,PARTIAL_DEPLOY,1,0.171,18.02,True,708.1,136.3,0.35,0.718,0.509,0.238,2,3.452,0.0,3,1.797,-0.04,1
hist_spa_like,HOLD,0,0.738,12.6,False,469.5,122.7,0.35,0.724,0.724,0.389,51,0.356,0.763,6,1.7,0.234,0
hist_spa_like,FULL_DEPLOY,0,1.629,16.86,False,625.5,154.6,0.35,0.781,0.766,0.159,37,2.824,0.0,3,1.396,-0.046,2
hist_spa_like,PARTIAL_DEPLOY,0,0.923,13.9,True,408.3,130.8,0.35,0.855,0.581,0.057,46,1.855,0.0,1,1.815,0.161,1
hist_spa_like,FULL_DEPLOY,0,0.609,17.33,False,953.4,166.7,0.35,0.913,0.921,0.341,4,1.876,0.0,2,1.495,0.02,2
hist_spa_like,FULL_DEPLOY,1,0.879,25.11,False,386.7,114.0,0.35,0.665,0.572,0.325,16,1.48,0.013,0,0.62,-0.288,2
hist_spa_like,FULL_DEPLOY,0,1.164,10.26,False,626.4,93.3,0.35,0.614,0.561,0.153,52,1.044,0.304,4,0.693,0.309,2
hist_spa_like,HARVEST,1,0.205,26.38,True,563.9,176.0,0.35,0.909,0.802,0.404,26,3.307,0.0,5,2.56,0.069,-1
hist_spa_like,HARVEST,0,1.092,24.01,False,774.4,173.8,0.35,0.651,0.898,0.145,8,2.729,0.0,2,1.122,-0.172,-1
hist_spa_like,HOLD,0,1.877,2.63,True,606.9,126.8,0.35,0.895,0.525,0.263,45,3.326,0.0,2,1.728,0.156,0
hist_spa_like,HOLD,0,0.79,20.05,False,597.8,91.9,0.35,0.937,0.773,0.387,43,2.816,0.0,0,2.134,0.036,0
hist_spa_like,PARTIAL_DEPLOY,1,1.314,19.52,False,506.6,111.3,0.35,0.727,0.504,0.434,17,1.123,0.251,6,2.319,-0.227,1
hist_spa_like,FULL_DEPLOY,0,1.3,25.78,False,864.0,126.6,0.35,0.564,0.89,0.379,32,1.702,0.0,3,2.794,-0.104,2
hist_spa_like,HARVEST,0,1.666,19.45,True,458.4,163.2,0.35,0.845,0.704,0.061,4,2.281,0.0,1,1.964,0.218,-1
hist_spa_like,PARTIAL_DEPLOY,0,0.696,-2.12,True,501.5,136.5,0.35,0.938,0.874,0.355,55,2.12,0.0,3,2.419,-0.096,1
hist_spa_like,PARTIAL_DEPLOY,0,0.43,15.76,True,567.5,123.1,0.35,0.707,0.67,0.384,37,0.863,0.425,0,2.785,0.082,1
hist_spa_like,FULL_DEPLOY,0,0.477,19.54,True,411.9,126.1,0.35,0.722,0.617,0.086,24,0.678,0.548,4,0.529,-0.042,2
hist_spa_like,FULL_DEPLOY,1,1.672,12.3,True,685.2,163.2,0.35,0.656,0.836,0.203,28,3.012,0.0,4,0.804,0.463,2
hist_spa_like,HOLD,0,0.876,0.11,True,364.1,113.6,0.35,0.797,0.908,0.198,44,2.301,0.0,0,0.229,0.118,0
hist_spa_like,HOLD,0,1.455,19.8,False,577.4,95.3,0.35,0.683,0.606,0.413,39,3.294,0.0,6,1.875,0.089,0
hist_spa_like,FULL_DEPLOY,1,0.675,8.81,True,534.2,177.1,0.35,0.774,0.761,0.154,33,1.776,0.0,2,2.658,0.118,2
hist_spa_like,HOLD,0,0.595,5.96,False,176.1,115.3,0.35,0.694,0.694,0.411,17,2.184,0.0,6,2.795,0.003,0
hist_spa_like,FULL_DEPLOY,0,1.551,0.29,False,562.9,149.2,0.35,0.869,0.524,0.109,15,0.723,0.518,3,0.929,-0.059,2
hist_spa_like,FULL_DEPLOY,0,0.178,7.48,False,405.9,166.1,0.35,0.897,0.556,0.087,19,0.714,0.524,1,2.3,0.022,2
hist_spa_like,HOLD,0,1.209,29.01,True,406.7,141.4,0.35,0.717,0.535,0.357,44,0.421,0.719,2,0.273,-0.126,0
hist_spa_like,HARVEST,0,1.69,0.38,True,686.9,130.9,0.35,0.932,0.767,0.052,3,2.331,0.0,3,1.11,-0.257,-1
hist_spa_like,HOLD,1,0.502,-3.3,False,337.4,119.1,0.35,0.572,0.532,0.431,25,0.415,0.723,2,0.698,0.391,0
hist_spa_like,HOLD,1,0.41,22.28,True,583.5,100.9,0.35,0.746,0.695,0.373,20,3.173,0.0,4,0.568,-0.291,0
hist_spa_like,FULL_DEPLOY,0,0.946,8.58,True,335.6,144.0,0.35,0.586,0.69,0.197,12,1.576,0.0,3,0.46,-0.536,2
hist_spa_like,HOLD,0,1.868,13.45,False,725.7,97.1,0.35,0.871,0.635,0.444,44,3.17,0.0,6,0.896,0.113,0
hist_spa_like,HARVEST,0,1.075,12.87,True,665.3,131.8,0.35,0.838,0.866,0.192,38,0.378,0.748,4,0.246,-0.013,-1
hist_spa_like,FULL_DEPLOY,0,0.186,9.57,False,485.9,158.2,0.35,0.73,0.864,0.187,52,0.736,0.509,1,0.419,0.295,2
hist_spa_like,FULL_DEPLOY,0,1.115,-4.8,True,567.0,105.5,0.35,0.741,0.811,0.398,48,2.146,0.0,3,1.048,0.107,2
hist_spa_like,FULL_DEPLOY,1,1.629,-1.93,True,680.3,152.6,0.35,0.625,0.512,0.242,10,2.309,0.0,3,2.558,0.343,2
hist_spa_like,FULL_DEPLOY,1,0.382,9.77,True,434.9,171.2,0.35,0.846,0.7,0.244,2,3.023,0.0,4,0.879,-0.105,2
hist_spa_like,PARTIAL_DEPLOY,0,0.115,17.06,False,869.1,156.3,0.35,0.788,0.749,0.166,32,1.459,0.027,4,1.855,-0.05,1
hist_spa_like,FULL_DEPLOY,1,0.541,-2.88,True,434.3,141.9,0.35,0.771,0.621,0.309,31,0.498,0.668,4,2.829,-0.177,2
hist_spa_like,PARTIAL_DEPLOY,0,1.48,11.42,True,380.6,151.6,0.35,0.919,0.884,0.336,30,0.546,0.636,2,2.224,-0.013,1
hist_spa_like,PARTIAL_DEPLOY,0,1.612,22.99,False,679.0,146.0,0.35,0.663,0.837,0.317,9,0.689,0.541,1,1.896,0.167,1
hist_spa_like,PARTIAL_DEPLOY,0,0.546,14.49,False,506.4,150.9,0.35,0.62,0.887,0.251,52,0.316,0.789,3,0.519,0.121,1
hist_spa_like,PARTIAL_DEPLOY,0,1.591,21.93,False,770.7,140.1,0.35,0.909,0.884,0.399,39,2.376,0.0,5,0.341,0.338,1
hist_spa_like,HARVEST,0,1.952,22.36,False,623.8,140.6,0.35,0.753,0.575,0.097,14,3.197,0.0,1,2.239,-0.072,-1
hist_spa_like,HARVEST,0,0.393,7.73,False,334.6,101.1,0.35,0.631,0.936,0.358,1,0.934,0.377,6,1.526,-0.028,-1
hist_spa_like,FULL_DEPLOY,1,0.785,18.27,True,583.5,110.5,0.35,0.871,0.686,0.214,30,3.336,0.0,4,2.425,-0.209,2
hist_spa_like,HARVEST,0,1.463,13.11,True,608.1,120.4,0.35,0.711,0.848,0.224,26,2.681,0.0,5,2.783,0.152,-1
hist_spa_like,PARTIAL_DEPLOY,0,0.897,26.0,False,748.1,118.2,0.35,0.688,0.872,0.41,40,3.23,0.0,5,1.331,-0.228,1
hist_spa_like,FULL_DEPLOY,1,1.425,26.07,False,333.6,126.4,0.35,0.629,0.636,0.065,22,1.426,0.049,5,2.272,0.436,2
hist_spa_like,HARVEST,0,1.072,5.93,True,558.5,170.1,0.35,0.766,0.616,0.383,20,2.57,0.0,4,0.509,-0.033,-1
hist_spa_like,PARTIAL_DEPLOY,1,0.335,21.48,False,633.3,130.4,0.35,0.779,0.502,0.186,16,2.838,0.0,4,1.784,0.221,1
hist_spa_like,HOLD,0,0.766,4.96,False,530.9,154.3,0.35,0.758,0.611,0.181,38,0.755,0.497,6,1.212,-0.292,0
hist_spa_like,HARVEST,0,0.275,9.87,True,716.6,109.3,0.35,0.581,0.805,0.211,36,1.864,0.0,3,2.642,-0.246,-1
hist_spa_like,FULL_DEPLOY,0,1.49,9.59,True,407.4,131.2,0.35,0.937,0.731,0.262,45,0.823,0.451,3,0.291,-0.008,2
hist_spa_like,HARVEST,0,1.243,9.3,True,740.0,141.5,0.35,0.566,0.569,0.199,24,1.131,0.246,3,0.278,0.218,-1
hist_spa_like,PARTIAL_DEPLOY,0,1.789,2.55,False,503.6,121.4,0.35,0.898,0.688,0.279,37,1.638,0.0,2,2.388,0.007,1
hist_spa_like,HOLD,0,1.059,11.13,True,617.1,130.4,0.35,0.897,0.646,0.37,43,2.22,0.0,3,0.852,-0.198,0
hist_spa_like,FULL_DEPLOY,0,1.498,17.61,False,528.1,161.7,0.35,0.833,0.752,0.1,36,0.39,0.74,4,1.717,-0.251,2
hist_spa_like,FULL_DEPLOY,0,1.055,-4.35,False,203.7,137.9,0.35,0.935,0.624,0.132,54,2.499,0.0,4,1.444,0.096,2
hist_spa_like,HARVEST,0,1.034,27.68,True,594.0,137.5,0.35,0.703,0.541,0.442,35,0.672,0.552,1,0.711,0.04,-1
hist_spa_like,HOLD,1,0.212,28.64,True,493.8,154.2,0.35,0.669,0.544,0.107,21,0.977,0.349,6,2.719,0.14,0
hist_spa_like,HOLD,1,1.037,21.33,True,619.8,131.8,0.35,0.713,0.718,0.213,15,3.207,0.0,0,0.954,0.047,0
hist_spa_like,HOLD,1,0.679,9.24,True,528.8,147.2,0.35,0.631,0.936,0.199,11,2.759,0.0,4,2.867,0.247,0
hist_spa_like,FULL_DEPLOY,0,1.926,16.73,False,606.2,173.0,0.35,0.659,0.613,0.322,23,2.964,0.0,1,1.838,0.061,2
hist_spa_like,HARVEST,1,0.671,8.84,True,577.0,102.6,0.35,0.773,0.626,0.223,40,1.816,0.0,6,1.091,-0.076,-1
hist_spa_like,FULL_DEPLOY,0,0.619,18.18,True,672.8,119.6,0.35,0.916,0.56,0.419,39,1.72,0.0,0,2.084,0.49,2
hist_spa_like,FULL_DEPLOY,0,1.122,22.56,False,745.4,97.0,0.35,0.562,0.874,0.319,44,0.52,0.653,6,1.254,-0.159,2
hist_spa_like,HARVEST,0,0.337,7.97,True,826.9,158.3,0.35,0.822,0.819,0.127,53,2.186,0.0,2,2.464,0.019,-1
hist_spa_like,HARVEST,0,0.633,26.66,False,993.0,108.8,0.35,0.628,0.87,0.208,18,2.035,0.0,3,0.677,0.113,-1
hist_spa_like,HOLD,0,0.224,-0.51,True,568.2,110.5,0.35,0.759,0.852,0.127,44,0.179,0.881,5,2.098,0.259,0
hist_spa_like,HARVEST,0,1.882,17.43,False,430.7,94.7,0.35,0.926,0.695,0.448,18,0.514,0.657,4,1.506,-0.217,-1
hist_spa_like,HOLD,1,0.189,27.14,True,519.5,120.1,0.35,0.902,0.863,0.446,15,3.426,0.0,3,2.882,0.182,0
hist_spa_like,HARVEST,0,1.289,-1.61,True,530.5,162.7,0.35,0.787,0.782,0.184,17,0.94,0.373,3,0.867,-0.036,-1
hist_spa_like,HOLD,0,1.893,22.15,False,598.6,142.1,0.35,0.584,0.527,0.063,21,3.126,0.0,5,0.382,-0.279,0
hist_spa_like,PARTIAL_DEPLOY,0,1.26,10.11,True,821.6,95.0,0.35,0.571,0.882,0.211,40,2.657,0.0,1,2.621,0.065,1
hist_spa_like,FULL_DEPLOY,0,1.611,25.8,False,391.4,160.5,0.35,0.732,0.648,0.127,7,0.142,0.905,5,0.389,0.398,2
hist_spa_like,PARTIAL_DEPLOY,0,0.775,11.85,False,484.6,106.7,0.35,0.605,0.52,0.101,38,1.582,0.0,5,2.312,-0.156,1
hist_spa_like,HOLD,1,0.992,16.12,True,758.0,149.2,0.35,0.608,0.607,0.378,36,3.02,0.0,3,1.163,-0.045,0
hist_spa_like,HARVEST,0,0.749,18.38,False,548.4,178.4,0.35,0.79,0.649,0.281,22,2.195,0.0,3,1.12,0.323,-1
hist_spa_like,FULL_DEPLOY,1,0.517,-4.87,True,605.9,111.5,0.35,0.844,0.929,0.183,48,1.378,0.081,3,0.716,0.278,2
hist_spa_like,HARVEST,0,1.154,-0.02,True,570.9,146.8,0.35,0.915,0.662,0.44,13,0.773,0.485,1,0.813,-0.009,-1
hist_spa_like,HOLD,0,0.439,-4.25,False,606.2,151.0,0.35,0.702,0.854,0.094,14,1.137,0.242,1,1.235,-0.022,0
hist_spa_like,FULL_DEPLOY,0,1.769,-2.71,True,646.1,173.2,0.35,0.868,0.586,0.201,24,1.181,0.213,3,2.936,0.002,2
hist_spa_like,HOLD,0,1.723,5.3,True,583.8,115.2,0.35,0.601,0.729,0.284,32,0.811,0.459,0,2.397,0.282,0
hist_spa_like,FULL_DEPLOY,0,1.527,17.58,True,379.6,134.9,0.35,0.736,0.645,0.2,45,1.743,0.0,3,1.527,-0.249,2
hist_spa_like,HARVEST,1,0.494,26.32,True,590.3,128.3,0.35,0.701,0.571,0.387,17,1.972,0.0,1,2.305,0.14,-1
hist_spa_like,HARVEST,1,0.984,16.74,True,754.2,132.1,0.35,0.714,0.862,0.177,25,0.184,0.877,3,0.855,-0.115,-1
hist_spa_like,HARVEST,0,1.593,27.43,True,617.8,108.0,0.35,0.629,0.648,0.171,53,2.713,0.0,6,0.969,0.024,-1
hist_spa_like,PARTIAL_DEPLOY,0,0.116,5.48,False,71.7,160.5,0.35,0.712,0.683,0.282,42,0.14,0.907,5,1.635,0.008,1
hist_spa_like,HOLD,0,1.474,2.35,True,417.5,132.2,0.35,0.876,0.653,0.084,55,0.739,0.507,6,2.837,-0.132,0
hist_spa_like,HARVEST,0,0.812,15.21,True,659.7,174.9,0.35,0.554,0.865,0.384,22,0.867,0.422,3,2.12,-0.285,-1
hist_spa_like,PARTIAL_DEPLOY,1,1.215,14.87,True,844.7,179.5,0.35,0.777,0.86,0.416,37,3.048,0.0,3,0.772,0.422,1
hist_spa_like,HARVEST,1,0.725,28.67,False,697.7,117.4,0.35,0.619,0.804,0.121,53,2.443,0.0,3,0.275,0.139,-1
hist_spa_like,HOLD,0,0.543,18.08,True,749.7,105.5,0.35,0.894,0.685,0.113,8,0.539,0.641,3,1.539,0.085,0
hist_spa_like,HOLD,0,1.754,5.84,False,736.5,149.8,0.35,0.614,0.759,0.174,13,1.808,0.0,5,1.485,0.184,0
hist_spa_like,FULL_DEPLOY,0,1.249,3.64,True,421.9,131.6,0.35,0.566,0.541,0.309,30,1.279,0.147,6,2.193,-0.098,2
hist_spa_like,HOLD,0,0.889,1.29,False,777.6,128.9,0.35,0.704,0.797,0.329,7,1.438,0.041,0,0.871,0.11,0
hist_spa_like,PARTIAL_DEPLOY,0,1.367,-2.66,False,848.2,127.0,0.35,0.855,0.555,0.197,49,0.458,0.695,6,2.383,-0.252,1
hist_spa_like,HARVEST,0,0.978,-2.44,False,628.2,157.5,0.35,0.702,0.836,0.392,26,0.228,0.848,2,0.521,0.154,-1
hist_spa_like,FULL_DEPLOY,0,0.977,-2.11,False,543.5,132.4,0.35,0.662,0.573,0.385,39,0.442,0.705,2,0.548,-0.209,2
hist_spa_like,HARVEST,0,1.387,0.37,True,489.0,109.5,0.35,0.564,0.804,0.136,45,0.262,0.825,5,2.472,-0.201,-1
hist_spa_like,FULL_DEPLOY,1,1.412,10.54,False,719.3,108.2,0.35,0.65,0.909,0.13,2,1.534,0.0,0,1.144,0.059,2
hist_spa_like,HARVEST,1,1.614,24.07,True,788.5,105.0,0.35,0.716,0.548,0.181,36,2.231,0.0,4,0.78,-0.457,-1
hist_spa_like,HOLD,1,0.301,6.32,True,566.8,109.1,0.35,0.638,0.796,0.161,40,1.355,0.097,0,2.679,-0.026,0
hist_spa_like,HARVEST,0,1.454,22.69,False,715.8,141.2,0.35,0.651,0.543,0.18,41,2.467,0.0,5,2.789,0.014,-1
hist_spa_like,PARTIAL_DEPLOY,1,1.958,18.32,True,908.8,130.4,0.35,0.754,0.834,0.251,46,3.46,0.0,1,0.259,0.049,1
hist_spa_like,FULL_DEPLOY,0,1.539,16.69,True,502.9,123.7,0.35,0.669,0.568,0.132,3,0.909,0.394,5,1.875,0.309,2
hist_spa_like,PARTIAL_DEPLOY,1,0.703,22.54,True,620.3,163.1,0.35,0.85,0.603,0.343,22,0.924,0.384,4,0.351,-0.2,1
hist_spa_like,HOLD,0,1.255,8.35,True,358.6,129.8,0.35,0.552,0.891,0.078,13,0.277,0.815,1,2.827,0.087,0
hist_bahrain_like,HOLD,0,0.549,-2.26,False,389.6,112.0,0.45,0.621,0.612,0.164,29,3.39,0.0,1,0.961,0.296,0
hist_bahrain_like,FULL_DEPLOY,1,0.818,11.47,True,419.9,144.8,0.45,0.723,0.57,0.432,31,0.167,0.889,3,1.397,0.377,2
hist_bahrain_like,HOLD,0,1.15,1.15,True,437.9,140.6,0.45,0.742,0.65,0.336,13,0.626,0.583,1,0.212,0.153,0
hist_bahrain_like,FULL_DEPLOY,0,1.859,27.91,False,294.5,123.6,0.45,0.746,0.788,0.285,27,3.109,0.0,0,1.278,-0.12,2
hist_bahrain_like,PARTIAL_DEPLOY,1,1.565,21.31,True,425.9,123.1,0.45,0.573,0.673,0.22,16,0.924,0.384,0,2.78,-0.275,1
hist_bahrain_like,HOLD,0,0.597,10.94,False,659.6,112.9,0.45,0.791,0.928,0.387,1,0.497,0.669,0,2.004,0.175,0
hist_bahrain_like,HARVEST,0,1.085,1.61,True,535.0,117.2,0.45,0.937,0.796,0.203,20,2.595,0.0,6,2.654,-0.134,-1
hist_bahrain_like,PARTIAL_DEPLOY,0,1.647,4.42,True,415.9,157.3,0.45,0.83,0.503,0.117,32,0.105,0.93,0,2.366,-0.181,1
hist_bahrain_like,FULL_DEPLOY,1,0.424,8.11,False,510.5,175.4,0.45,0.73,0.866,0.124,4,2.65,0.0,6,2.326,0.12,2
hist_bahrain_like,HARVEST,1,1.75,0.81,True,802.9,124.0,0.45,0.661,0.654,0.284,31,1.75,0.0,6,0.482,0.31,-1
hist_bahrain_like,HARVEST,0,0.284,13.28,True,127.6,158.5,0.45,0.923,0.713,0.185,28,1.244,0.171,5,2.692,-0.355,-1
hist_bahrain_like,FULL_DEPLOY,0,0.819,-3.0,True,479.0,119.7,0.45,0.59,0.706,0.329,47,2.94,0.0,1,0.272,0.176,2
hist_bahrain_like,HOLD,0,0.8,16.64,False,327.0,106.9,0.45,0.944,0.931,0.375,2,2.255,0.0,6,0.328,0.032,0
hist_bahrain_like,FULL_DEPLOY,1,0.86,16.44,True,355.5,128.5,0.45,0.923,0.919,0.445,55,2.478,0.0,0,2.256,-0.036,2
hist_bahrain_like,HARVEST,1,0.343,22.89,True,392.0,168.7,0.45,0.617,0.701,0.096,43,1.938,0.0,1,0.793,-0.223,-1
hist_bahrain_like,FULL_DEPLOY,0,1.987,-3.98,False,259.8,119.4,0.45,0.703,0.626,0.338,43,1.719,0.0,5,0.545,0.163,2
hist_bahrain_like,HARVEST,0,1.612,6.65,True,177.6,95.8,0.45,0.687,0.91,0.347,47,1.398,0.068,5,2.398,-0.209,-1
hist_bahrain_like,PARTIAL_DEPLOY,1,0.32,-1.93,True,446.2,156.7,0.45,0.925,0.835,0.096,24,0.533,0.645,2,2.871,-0.01,1
hist_bahrain_like,HOLD,0,1.71,29.29,True,330.4,161.7,0.45,0.758,0.771,0.139,26,0.131,0.913,6,1.49,0.226,0
hist_bahrain_like,FULL_DEPLOY,0,1.392,0.16,True,763.2,157.2,0.45,0.89,0.872,0.064,21,1.15,0.233,5,0.546,0.313,2
hist_bahrain_like,HOLD,1,1.041,19.64,True,614.1,164.5,0.45,0.634,0.83,0.374,45,2.601,0.0,6,2.373,-0.021,0
hist_bahrain_like,HOLD,0,1.983,14.18,True,290.6,151.0,0.45,0.946,0.841,0.206,34,2.571,0.0,2,2.15,0.133,0
hist_bahrain_like,HOLD,0,0.714,22.69,False,810.2,117.4,0.45,0.812,0.76,0.227,31,1.09,0.273,1,0.787,0.156,0
hist_bahrain_like,PARTIAL_DEPLOY,1,1.479,15.15,False,386.7,179.0,0.45,0.609,0.928,0.221,54,0.672,0.552,0,0.469,0.124,1
hist_bahrain_like,PARTIAL_DEPLOY,0,1.227,28.94,False,447.5,111.7,0.45,0.745,0.81,0.432,42,2.634,0.0,6,2.137,0.03,1
hist_bahrain_like,FULL_DEPLOY,0,0.623,17.86,True,269.0,100.8,0.45,0.583,0.72,0.318,33,0.865,0.423,4,1.804,-0.144,2
hist_bahrain_like,HOLD,0,0.83,30.0,False,456.8,119.3,0.45,0.836,0.888,0.265,26,2.864,0.0,0,1.303,0.099,0
hist_bahrain_like,HARVEST,0,1.086,15.47,False,240.8,161.1,0.45,0.6,0.839,0.436,8,0.714,0.524,4,2.147,0.218,-1
hist_bahrain_like,HARVEST,0,0.345,2.22,True,209.4,93.2,0.45,0.942,0.728,0.195,35,0.683,0.545,5,0.2,-0.149,-1
hist_bahrain_like,PARTIAL_DEPLOY,0,1.352,10.57,False,824.5,152.6,0.45,0.759,0.944,0.191,35,1.836,0.0,5,0.477,0.062,1
hist_bahrain_like,PARTIAL_DEPLOY,0,1.727,2.53,True,289.9,115.0,0.45,0.842,0.69,0.27,17,1.398,0.068,1,1.32,-0.086,1
hist_bahrain_like,HOLD,0,1.118,-2.53,False,537.4,179.6,0.45,0.829,0.587,0.199,43,2.302,0.0,4,1.894,-0.101,0
hist_bahrain_like,FULL_DEPLOY,1,0.82,28.74,True,456.7,151.6,0.45,0.713,0.648,0.086,22,2.745,0.0,1,2.633,0.244,2
hist_bahrain_like,HOLD,0,0.819,-1.32,False,500.9,105.8,0.45,0.841,0.638,0.379,32,0.425,0.717,2,2.161,0.168,0
hist_bahrain_like,HARVEST,1,0.424,28.13,True,341.1,177.1,0.45,0.763,0.768,0.39,31,2.114,0.0,2,0.227,0.272,-1
hist_bahrain_like,FULL_DEPLOY,0,1.178,4.36,False,472.6,147.5,0.45,0.698,0.85,0.321,27,2.503,0.0,1,1.429,-0.137,2
hist_bahrain_like,FULL_DEPLOY,1,1.089,20.15,False,508.4,97.8,0.45,0.672,0.847,0.388,41,0.37,0.753,5,0.872,0.282,2
hist_bahrain_like,PARTIAL_DEPLOY,0,1.153,12.25,False,588.9,176.6,0.45,0.72,0.729,0.342,31,1.793,0.0,5,2.994,0.236,1
hist_bahrain_like,HOLD,0,1.831,21.11,False,406.7,112.0,0.45,0.846,0.928,0.379,34,2.426,0.0,0,1.901,-0.318,0
hist_bahrain_like,HOLD,1,0.432,7.85,True,430.5,121.8,0.45,0.57,0.723,0.118,8,1.249,0.167,5,0.899,-0.331,0
hist_bahrain_like,PARTIAL_DEPLOY,0,1.018,4.27,True,378.1,173.1,0.45,0.922,0.932,0.256,3,3.28,0.0,4,2.575,-0.147,1
hist_bahrain_like,PARTIAL_DEPLOY,0,0.772,-4.82,False,485.8,106.8,0.45,0.692,0.546,0.247,6,1.899,0.0,1,1.35,0.02,1
hist_bahrain_like,PARTIAL_DEPLOY,1,0.53,8.84,True,394.3,163.0,0.45,0.593,0.697,0.386,11,0.576,0.616,5,1.415,0.055,1
hist_bahrain_like,HOLD,0,0.641,-0.32,True,714.6,119.8,0.45,0.563,0.8,0.429,43,3.442,0.0,0,1.379,-0.341,0
hist_bahrain_like,PARTIAL_DEPLOY,0,1.527,22.31,True,442.9,164.3,0.45,0.603,0.931,0.367,9,0.629,0.581,4,0.238,-0.325,1
hist_bahrain_like,FULL_DEPLOY,0,1.955,20.81,True,435.1,116.1,0.45,0.744,0.842,0.149,10,2.579,0.0,1,0.899,0.042,2
hist_bahrain_like,HOLD,1,1.366,10.02,True,494.3,155.7,0.45,0.794,0.585,0.392,41,2.257,0.0,1,0.537,-0.091,0
hist_bahrain_like,HOLD,1,0.91,16.58,True,549.8,94.6,0.45,0.713,0.638,0.303,15,0.854,0.431,3,1.542,-0.287,0
hist_bahrain_like,PARTIAL_DEPLOY,1,0.791,28.0,False,486.1,106.4,0.45,0.55,0.797,0.179,19,1.705,0.0,4,0.482,0.425,1
hist_bahrain_like,PARTIAL_DEPLOY,1,0.312,18.41,False,815.0,159.3,0.45,0.602,0.662,0.374,48,2.748,0.0,4,1.893,0.012,1
hist_bahrain_like,HARVEST,0,1.786,-0.43,False,625.0,172.1,0.45,0.812,0.586,0.332,7,0.355,0.763,4,1.933,0.182,-1
hist_bahrain_like,HOLD,0,0.183,1.71,False,641.3,112.7,0.45,0.901,0.884,0.413,23,3.143,0.0,3,1.964,0.158,0
hist_bahrain_like,HARVEST,0,0.417,4.6,False,387.6,95.5,0.45,0.939,0.586,0.376,32,2.428,0.0,6,1.638,0.484,-1
hist_bahrain_like,FULL_DEPLOY,1,0.862,4.5,True,553.1,104.4,0.45,0.637,0.814,0.402,51,1.844,0.0,4,2.182,-0.168,2
hist_bahrain_like,PARTIAL_DEPLOY,0,1.149,0.99,True,483.1,103.3,0.45,0.903,0.917,0.158,51,0.275,0.817,1,2.971,0.056,1
hist_bahrain_like,PARTIAL_DEPLOY,1,0.717,28.12,False,552.2,113.8,0.45,0.603,0.904,0.168,4,2.228,0.0,0,2.507,0.099,1
hist_bahrain_like,HARVEST,0,1.121,29.26,False,493.6,157.1,0.45,0.703,0.794,0.398,41,2.155,0.0,1,2.487,-0.093,-1
hist_bahrain_like,FULL_DEPLOY,0,0.396,3.11,False,596.7,123.2,0.45,0.911,0.542,0.123,12,2.873,0.0,1,0.729,-0.323,2
hist_bahrain_like,HARVEST,1,0.689,25.98,False,442.9,102.9,0.45,0.721,0.705,0.308,26,0.441,0.706,4,0.584,-0.119,-1
hist_bahrain_like,FULL_DEPLOY,1,0.139,23.93,False,456.9,148.0,0.45,0.567,0.612,0.083,10,3.291,0.0,4,0.238,0.492,2
hist_bahrain_like,PARTIAL_DEPLOY,0,1.72,-2.03,True,499.2,163.4,0.45,0.673,0.716,0.148,35,2.453,0.0,5,1.722,-0.422,1
hist_bahrain_like,HARVEST,1,1.072,24.28,True,486.0,172.1,0.45,0.56,0.692,0.109,42,1.075,0.283,5,1.277,0.278,-1
hist_bahrain_like,HOLD,0,1.982,2.86,False,468.1,120.0,0.45,0.694,0.916,0.084,3,2.155,0.0,1,1.4,0.078,0
hist_bahrain_like,PARTIAL_DEPLOY,0,1.287,5.05,False,561.7,114.4,0.45,0.75,0.666,0.156,46,2.816,0.0,6,0.206,0.104,1
hist_bahrain_like,PARTIAL_DEPLOY,0,0.381,10.63,False,752.4,100.2,0.45,0.721,0.827,0.108,21,3.482,0.0,1,2.349,-0.054,1
hist_bahrain_like,FULL_DEPLOY,0,1.243,17.28,True,620.0,175.0,0.45,0.919,0.672,0.27,35,1.915,0.0,4,1.701,0.01,2
hist_bahrain_like,HOLD,1,1.436,3.23,True,507.9,140.3,0.45,0.933,0.914,0.074,23,1.327,0.115,6,2.627,-0.001,0
hist_bahrain_like,FULL_DEPLOY,1,0.561,23.97,True,366.3,102.4,0.45,0.935,0.817,0.201,2,2.467,0.0,3,1.241,-0.089,2
hist_bahrain_like,HOLD,1,0.157,7.78,True,652.3,163.2,0.45,0.61,0.582,0.347,48,1.893,0.0,2,1.517,0.121,0
hist_bahrain_like,HARVEST,0,0.645,0.46,False,319.9,92.9,0.45,0.85,0.726,0.054,54,1.54,0.0,3,1.752,0.215,-1
hist_bahrain_like,HOLD,0,0.905,0.49,False,69.5,101.3,0.45,0.635,0.779,0.138,12,2.897,0.0,4,1.894,-0.074,0
hist_bahrain_like,FULL_DEPLOY,1,1.672,0.77,False,587.4,148.2,0.45,0.628,0.549,0.081,39,2.748,0.0,2,0.279,-0.05,2
hist_bahrain_like,HARVEST,0,1.537,5.82,False,455.2,114.2,0.45,0.941,0.754,0.275,51,1.745,0.0,0,1.081,-0.039,-1
hist_bahrain_like,PARTIAL_DEPLOY,1,1.922,12.51,True,473.2,125.2,0.45,0.692,0.558,0.32,22,1.485,0.01,5,1.61,-0.345,1
hist_bahrain_like,FULL_DEPLOY,1,1.006,25.41,True,600.3,97.1,0.45,0.8,0.929,0.143,14,2.845,0.0,5,0.594,0.257,2
hist_bahrain_like,PARTIAL_DEPLOY,0,0.95,-0.41,True,50,146.1,0.45,0.926,0.518,0.335,44,1.418,0.055,1,2.992,-0.394,1
hist_bahrain_like,FULL_DEPLOY,1,0.285,-4.48,False,369.8,161.8,0.45,0.908,0.725,0.232,11,3.276,0.0,1,0.391,0.374,2
hist_bahrain_like,FULL_DEPLOY,0,0.59,11.56,True,415.2,168.9,0.45,0.81,0.563,0.1,37,1.76,0.0,2,2.605,-0.32,2
hist_bahrain_like,HOLD,0,0.938,12.94,False,455.6,127.2,0.45,0.73,0.895,0.446,3,2.21,0.0,5,0.36,0.077,0
hist_bahrain_like,HOLD,0,1.721,5.17,True,254.8,125.9,0.45,0.579,0.675,0.235,6,1.286,0.143,3,1.999,0.181,0
hist_bahrain_like,HARVEST,0,1.843,27.29,False,521.8,118.6,0.45,0.949,0.719,0.331,31,0.489,0.674,3,0.307,0.17,-1
hist_bahrain_like,PARTIAL_DEPLOY,0,1.18,29.57,False,620.2,95.6,0.45,0.873,0.855,0.441,14,0.284,0.811,6,0.264,0.011,1
hist_bahrain_like,HOLD,1,0.259,-2.58,True,409.2,168.4,0.45,0.76,0.801,0.154,54,0.283,0.811,3,1.158,0.301,0
hist_bahrain_like,FULL_DEPLOY,0,1.015,13.74,False,390.1,176.9,0.45,0.725,0.911,0.278,53,0.134,0.911,6,2.703,0.102,2
hist_bahrain_like,HOLD,0,0.715,29.52,False,469.0,118.5,0.45,0.61,0.706,0.109,21,0.486,0.676,5,1.338,-0.326,0
hist_bahrain_like,HOLD,0,1.305,17.36,False,478.3,93.3,0.45,0.848,0.584,0.329,50,0.665,0.557,3,0.805,0.033,0
hist_bahrain_like,HARVEST,0,0.803,7.73,True,382.8,101.2,0.45,0.75,0.95,0.216,23,1.298,0.135,4,1.392,0.346,-1
hist_bahrain_like,FULL_DEPLOY,0,0.914,1.19,False,458.0,138.8,0.45,0.703,0.88,0.325,28,2.256,0.0,5,1.937,0.352,2
hist_bahrain_like,HARVEST,0,0.27,-4.43,False,678.6,146.1,0.45,0.768,0.785,0.251,52,0.211,0.859,2,2.585,0.202,-1
hist_bahrain_like,HARVEST,1,0.472,11.44,True,732.4,177.1,0.45,0.916,0.686,0.378,46,2.768,0.0,3,0.221,-0.1,-1
hist_bahrain_like,PARTIAL_DEPLOY,0,0.684,26.59,False,473.7,171.8,0.45,0.563,0.512,0.366,54,2.877,0.0,6,2.275,-0.016,1
hist_bahrain_like,FULL_DEPLOY,1,0.559,29.07,True,563.6,148.0,0.45,0.881,0.861,0.281,9,3.294,0.0,3,2.937,0.2,2
hist_bahrain_like,FULL_DEPLOY,0,0.539,19.85,True,624.8,125.3,0.45,0.855,0.912,0.385,11,3.326,0.0,1,0.461,0.178,2
hist_bahrain_like,HOLD,1,0.153,19.77,False,483.7,97.1,0.45,0.703,0.834,0.102,30,2.257,0.0,6,1.203,0.028,0
hist_bahrain_like,HOLD,1,1.48,23.25,True,476.8,97.5,0.45,0.608,0.51,0.444,7,0.477,0.682,4,0.544,0.065,0
hist_bahrain_like,HARVEST,0,1.039,7.65,False,570.9,125.2,0.45,0.746,0.51,0.079,41,0.359,0.761,5,1.376,0.218,-1
hist_bahrain_like,HOLD,1,0.442,-4.65,True,293.1,92.8,0.45,0.94,0.947,0.244,40,2.14,0.0,0,0.643,-0.112,0
hist_bahrain_like,HARVEST,0,1.118,13.13,False,137.7,109.5,0.45,0.696,0.904,0.062,9,0.847,0.435,5,2.136,0.112,-1
hist_bahrain_like,HARVEST,0,0.762,14.3,True,474.7,136.1,0.45,0.71,0.587,0.119,44,2.977,0.0,5,0.987,-0.234,-1
hist_bahrain_like,PARTIAL_DEPLOY,0,0.415,2.2,False,603.8,129.0,0.45,0.728,0.768,0.159,21,2.218,0.0,4,1.273,0.058,1
hist_bahrain_like,HARVEST,0,0.954,26.13,False,477.0,144.3,0.45,0.901,0.928,0.262,26,0.202,0.865,1,2.465,0.205,-1
hist_bahrain_like,HOLD,0,1.348,8.02,False,521.3,101.0,0.45,0.677,0.505,0.182,30,2.029,0.0,2,2.716,-0.183,0
hist_bahrain_like,HOLD,0,0.296,4.73,False,701.0,96.7,0.45,0.907,0.69,0.352,21,2.866,0.0,1,0.752,-0.265,0
hist_bahrain_like,FULL_DEPLOY,1,0.327,10.85,False,313.3,143.2,0.45,0.645,0.51,0.057,51,3.011,0.0,0,2.753,-0.082,2
hist_bahrain_like,HARVEST,0,0.741,-4.43,True,554.7,117.1,0.45,0.677,0.656,0.082,50,1.165,0.223,4,0.332,-0.182,-1
hist_bahrain_like,HARVEST,1,1.702,27.82,True,891.4,110.2,0.45,0.88,0.562,0.447,45,2.562,0.0,1,0.677,0.156,-1
hist_bahrain_like,HARVEST,1,1.875,25.38,True,495.8,175.2,0.45,0.58,0.648,0.295,52,1.39,0.073,5,0.677,-0.095,-1
hist_bahrain_like,HOLD,1,1.531,26.07,False,606.9,127.2,0.45,0.729,0.555,0.261,37,1.725,0.0,3,2.934,-0.141,0
hist_bahrain_like,PARTIAL_DEPLOY,0,1.556,19.9,True,537.2,148.2,0.45,0.892,0.813,0.08,32,0.305,0.797,0,2.077,-0.128,1
hist_bahrain_like,PARTIAL_DEPLOY,0,0.496,15.67,True,509.4,167.3,0.45,0.854,0.64,0.232,10,2.983,0.0,0,2.76,0.037,1
hist_bahrain_like,HOLD,0,1.582,1.58,True,546.0,168.3,0.45,0.809,0.566,0.4,48,0.475,0.683,0,2.703,0.147,0
hist_bahrain_like,FULL_DEPLOY,0,0.769,-0.86,False,513.3,121.9,0.45,0.635,0.679,0.222,22,0.281,0.813,2,1.235,0.187,2
hist_bahrain_like,HOLD,0,0.659,9.09,False,308.0,129.0,0.45,0.822,0.791,0.434,15,0.492,0.672,0,1.811,-0.043,0
hist_bahrain_like,FULL_DEPLOY,0,0.845,-1.45,False,664.4,169.2,0.45,0.657,0.593,0.364,23,2.265,0.0,5,1.87,-0.009,2
hist_bahrain_like,FULL_DEPLOY,1,1.504,24.84,False,589.0,105.0,0.45,0.683,0.705,0.435,43,1.714,0.0,2,0.258,0.265,2
hist_bahrain_like,HARVEST,1,1.229,28.93,False,430.4,133.9,0.45,0.649,0.549,0.378,37,2.412,0.0,2,2.539,-0.12,-1
hist_bahrain_like,HARVEST,0,0.29,23.14,True,340.8,139.1,0.45,0.815,0.614,0.234,53,1.299,0.134,5,1.134,0.011,-1
hist_bahrain_like,FULL_DEPLOY,1,0.314,19.0,False,455.2,91.9,0.45,0.941,0.885,0.314,10,1.314,0.124,0,0.884,-0.03,2
hist_bahrain_like,HARVEST,0,0.468,28.42,False,780.0,151.1,0.45,0.91,0.702,0.433,34,0.695,0.537,5,1.177,-0.088,-1
hist_bahrain_like,PARTIAL_DEPLOY,1,0.688,-3.56,True,654.6,120.9,0.45,0.795,0.695,0.232,51,2.794,0.0,2,0.509,0.457,1
hist_bahrain_like,HOLD,0,1.094,5.14,False,570.4,95.8,0.45,0.668,0.704,0.137,53,2.116,0.0,0,1.567,0.197,0
hist_bahrain_like,HARVEST,1,0.578,7.26,True,484.5,167.3,0.45,0.816,0.846,0.112,6,2.525,0.0,1,2.989,0.087,-1
hist_bahrain_like,HOLD,1,0.161,27.65,True,415.6,125.9,0.45,0.912,0.902,0.418,39,1.157,0.229,4,1.42,-0.178,0
hist_bahrain_like,HOLD,1,0.575,9.57,True,289.5,117.4,0.45,0.669,0.917,0.234,12,1.378,0.081,6,1.423,0.139,0
hist_bahrain_like,PARTIAL_DEPLOY,0,0.99,9.97,True,450.0,140.3,0.45,0.933,0.689,0.352,40,3.183,0.0,6,0.879,0.025,1
hist_bahrain_like,PARTIAL_DEPLOY,1,0.202,24.58,True,474.0,150.3,0.45,0.735,0.843,0.257,54,0.285,0.81,0,0.956,0.095,1
hist_bahrain_like,PARTIAL_DEPLOY,1,1.174,19.17,False,623.7,136.0,0.45,0.837,0.816,0.257,36,2.617,0.0,3,0.582,0.183,1
hist_bahrain_like,PARTIAL_DEPLOY,0,1.466,27.78,False,348.7,146.1,0.45,0.63,0.53,0.111,8,1.867,0.0,1,0.772,-0.373,1
hist_bahrain_like,HARVEST,0,1.859,5.5,True,524.2,166.3,0.45,0.654,0.776,0.226,43,2.198,0.0,3,0.609,0.134,-1
hist_bahrain_like,HOLD,1,0.424,20.96,True,491.2,132.9,0.45,0.666,0.8,0.434,32,1.349,0.101,2,1.295,-0.031,0
hist_bahrain_like,FULL_DEPLOY,1,0.382,4.92,True,328.1,93.1,0.45,0.81,0.796,0.228,23,3.374,0.0,3,2.671,0.169,2
hist_bahrain_like,HOLD,1,0.763,19.72,True,485.3,95.6,0.45,0.812,0.658,0.338,22,1.662,0.0,6,2.403,-0.06,0
hist_bahrain_like,FULL_DEPLOY,0,0.23,24.38,True,679.0,106.2,0.45,0.833,0.728,0.314,17,0.54,0.64,2,1.849,-0.064,2
hist_bahrain_like,HARVEST,0,0.185,24.82,True,383.4,98.7,0.45,0.592,0.92,0.241,49,0.887,0.409,6,2.464,-0.016,-1
hist_bahrain_like,HOLD,0,1.484,8.44,False,527.4,112.5,0.45,0.565,0.837,0.227,24,2.162,0.0,6,0.282,-0.034,0
hist_bahrain_like,HOLD,0,1.979,15.08,True,543.6,112.7,0.45,0.725,0.629,0.13,11,1.576,0.0,4,2.464,0.094,0
hist_bahrain_like,HARVEST,0,0.487,23.35,False,382.4,139.2,0.45,0.579,0.583,0.342,47,2.284,0.0,3,0.732,0.158,-1
hist_bahrain_like,PARTIAL_DEPLOY,0,1.275,14.55,True,751.3,96.0,0.45,0.721,0.669,0.078,6,0.532,0.645,4,1.035,0.107,1
hist_bahrain_like,PARTIAL_DEPLOY,1,0.143,23.75,True,550.4,122.2,0.45,0.899,0.571,0.165,35,2.056,0.0,6,1.65,-0.175,1
hist_bahrain_like,HARVEST,0,1.207,27.79,False,396.5,148.8,0.45,0.563,0.69,0.13,49,0.302,0.799,1,1.732,-0.046,-1
hist_bahrain_like,HARVEST,0,0.548,-2.45,False,672.8,158.9,0.45,0.564,0.941,0.43,39,2.614,0.0,0,2.685,-0.176,-1
hist_bahrain_like,HARVEST,0,0.168,12.77,False,490.5,128.8,0.45,0.671,0.882,0.439,2,3.266,0.0,0,2.366,0.093,-1
hist_bahrain_like,HARVEST,0,1.15,-3.18,False,426.6,128.4,0.45,0.605,0.697,0.409,24,1.296,0.136,2,1.422,-0.2,-1
hist_bahrain_like,HOLD,0,0.885,21.34,False,518.8,138.3,0.45,0.568,0.861,0.399,16,2.863,0.0,0,0.359,-0.151,0
hist_bahrain_like,HOLD,0,1.996,-0.46,True,359.7,96.9,0.45,0.925,0.593,0.332,53,1.314,0.124,6,0.817,-0.244,0
hist_bahrain_like,PARTIAL_DEPLOY,0,1.751,3.55,False,132.2,118.7,0.45,0.767,0.547,0.189,27,2.499,0.0,4,1.561,0.389,1
hist_bahrain_like,HOLD,0,0.679,14.35,True,438.5,93.2,0.45,0.644,0.698,0.356,8,0.172,0.885,6,0.295,-0.348,0
hist_bahrain_like,HARVEST,0,0.213,24.91,True,625.4,91.7,0.45,0.703,0.7,0.14,25,0.727,0.515,3,1.691,-0.027,-1
hist_bahrain_like,HARVEST,0,1.829,21.41,True,535.2,157.8,0.45,0.637,0.512,0.34,40,1.576,0.0,3,2.391,-0.138,-1
hist_bahrain_like,FULL_DEPLOY,1,1.91,27.64,True,371.2,179.2,0.45,0.764,0.691,0.338,50,1.864,0.0,1,2.889,-0.613,2
hist_bahrain_like,HARVEST,1,0.633,18.89,True,737.7,116.6,0.45,0.778,0.517,0.16,18,2.341,0.0,6,2.028,-0.003,-1
hist_bahrain_like,PARTIAL_DEPLOY,0,1.688,24.67,True,456.6,91.6,0.45,0.554,0.517,0.193,41,2.971,0.0,1,1.344,-0.071,1
hist_bahrain_like,PARTIAL_DEPLOY,0,1.911,10.42,True,506.6,134.5,0.45,0.641,0.579,0.398,42,0.269,0.821,0,2.033,-0.151,1
hist_bahrain_like,PARTIAL_DEPLOY,1,0.18,20.11,True,643.3,154.3,0.45,0.654,0.616,0.321,55,2.988,0.0,4,2.211,-0.15,1
hist_bahrain_like,FULL_DEPLOY,1,0.315,-2.29,True,225.1,151.3,0.45,0.579,0.692,0.163,2,1.21,0.193,6,1.209,-0.161,2
hist_bahrain_like,PARTIAL_DEPLOY,0,1.282,0.61,True,430.1,173.7,0.45,0.915,0.511,0.294,52,1.165,0.223,5,2.386,-0.264,1
hist_bahrain_like,HOLD,1,0.82,15.39,False,629.4,148.4,0.45,0.932,0.931,0.447,37,1.812,0.0,4,1.965,0.274,0
hist_bahrain_like,HARVEST,0,1.253,18.07,True,294.3,118.5,0.45,0.628,0.759,0.414,22,0.926,0.383,6,2.937,0.021,-1
hist_bahrain_like,HOLD,1,0.946,28.52,True,648.7,96.9,0.45,0.695,0.718,0.142,51,1.524,0.0,4,2.518,0.123,0
hist_bahrain_like,FULL_DEPLOY,1,1.381,18.31,False,451.5,161.6,0.45,0.687,0.553,0.213,33,3.443,0.0,4,1.584,0.098,2
hist_bahrain_like,FULL_DEPLOY,0,0.129,-0.77,True,154.1,156.9,0.45,0.601,0.515,0.223,45,0.668,0.555,0,0.571,-0.155,2
hist_bahrain_like,PARTIAL_DEPLOY,1,0.342,19.39,True,230.6,116.4,0.45,0.685,0.871,0.185,39,2.197,0.0,5,0.327,-0.013,1
hist_bahrain_like,FULL_DEPLOY,0,1.299,20.92,True,491.2,156.0,0.45,0.839,0.765,0.378,33,0.385,0.743,0,1.862,-0.31,2
hist_bahrain_like,FULL_DEPLOY,1,0.436,20.29,True,638.4,159.6,0.45,0.643,0.722,0.069,34,3.151,0.0,4,1.623,0.147,2
hist_bahrain_like,HOLD,0,1.912,-3.53,False,659.7,128.7,0.45,0.661,0.896,0.176,23,1.068,0.288,0,1.006,-0.218,0
hist_bahrain_like,PARTIAL_DEPLOY,0,1.979,21.37,False,489.0,150.0,0.45,0.606,0.593,0.386,49,0.674,0.551,4,2.727,0.241,1
hist_bahrain_like,HARVEST,1,1.028,23.78,True,407.5,128.4,0.45,0.728,0.557,0.232,8,2.535,0.0,6,0.536,0.476,-1
hist_bahrain_like,HOLD,0,1.987,20.61,True,367.6,121.8,0.45,0.582,0.857,0.341,21,0.633,0.578,2,0.973,-0.164,0
hist_bahrain_like,PARTIAL_DEPLOY,0,1.795,-3.66,True,429.3,107.1,0.45,0.773,0.877,0.3,41,2.233,0.0,1,0.583,-0.233,1
hist_bahrain_like,PARTIAL_DEPLOY,0,0.993,11.96,True,732.1,134.7,0.45,0.603,0.786,0.085,34,3.014,0.0,5,0.8,-0.213,1
hist_bahrain_like,HOLD,0,0.174,19.08,False,405.4,121.4,0.45,0.762,0.929,0.401,54,0.888,0.408,2,2.07,-0.107,0
hist_bahrain_like,FULL_DEPLOY,1,0.661,2.66,False,493.0,170.7,0.45,0.856,0.689,0.229,16,2.352,0.0,0,0.693,0.283,2
hist_bahrain_like,FULL_DEPLOY,1,1.439,22.08,True,538.6,127.1,0.45,0.644,0.631,0.253,55,2.762,0.0,0,1.774,-0.218,2
hist_bahrain_like,FULL_DEPLOY,1,0.908,4.12,True,681.5,133.7,0.45,0.638,0.786,0.068,29,1.493,0.005,4,2.652,-0.339,2
hist_bahrain_like,PARTIAL_DEPLOY,0,0.346,13.89,False,625.2,160.2,0.45,0.683,0.659,0.356,5,2.327,0.0,4,0.789,0.026,1
hist_bahrain_like,FULL_DEPLOY,0,1.733,3.03,False,383.7,172.0,0.45,0.683,0.597,0.343,1,0.223,0.851,0,2.314,-0.233,2
hist_bahrain_like,HARVEST,0,0.398,5.55,True,495.9,114.5,0.45,0.599,0.853,0.312,9,2.882,0.0,2,2.614,-0.149,-1
hist_bahrain_like,FULL_DEPLOY,1,0.138,20.99,True,562.2,172.7,0.45,0.588,0.765,0.206,54,2.159,0.0,2,2.397,-0.294,2
hist_bahrain_like,FULL_DEPLOY,0,0.485,4.25,False,357.5,98.4,0.45,0.937,0.752,0.243,45,1.913,0.0,1,1.271,0.03,2
hist_bahrain_like,HARVEST,1,0.959,15.23,True,469.6,159.4,0.45,0.729,0.715,0.094,20,1.23,0.18,6,1.964,0.222,-1
hist_bahrain_like,FULL_DEPLOY,0,1.227,-2.06,True,576.0,165.6,0.45,0.854,0.527,0.247,27,1.159,0.227,2,2.536,-0.207,2
hist_bahrain_like,HARVEST,0,0.609,2.32,False,532.1,134.0,0.45,0.75,0.932,0.144,30,2.51,0.0,4,1.753,-0.021,-1
hist_bahrain_like,FULL_DEPLOY,0,1.429,8.15,False,610.7,105.0,0.45,0.725,0.937,0.066,28,1.784,0.0,5,2.449,0.283,2
hist_bahrain_like,FULL_DEPLOY,0,0.118,-0.88,False,500.0,154.8,0.45,0.902,0.622,0.179,24,2.017,0.0,1,0.596,-0.134,2
hist_bahrain_like,PARTIAL_DEPLOY,0,1.087,3.79,True,796.0,154.8,0.45,0.891,0.561,0.26,54,1.711,0.0,2,1.366,-0.179,1
hist_bahrain_like,PARTIAL_DEPLOY,1,1.433,1.97,True,525.3,131.3,0.45,0.588,0.781,0.288,5,1.292,0.139,4,2.673,-0.019,1
hist_bahrain_like,PARTIAL_DEPLOY,1,1.659,25.38,False,408.0,126.3,0.45,0.652,0.743,0.314,5,2.115,0.0,0,2.246,0.263,1
hist_bahrain_like,FULL_DEPLOY,0,0.727,22.02,False,595.1,115.0,0.45,0.873,0.892,0.317,31,0.812,0.459,0,2.393,0.087,2
hist_bahrain_like,HOLD,0,0.372,11.64,True,830.5,102.3,0.45,0.873,0.691,0.239,20,1.801,0.0,0,0.874,0.248,0
hist_bahrain_like,PARTIAL_DEPLOY,0,0.692,13.27,True,640.8,169.5,0.45,0.887,0.93,0.428,54,1.044,0.304,1,2.552,-0.216,1
hist_bahrain_like,HARVEST,1,1.16,10.24,True,621.3,131.9,0.45,0.818,0.828,0.136,36,3.079,0.0,1,1.271,0.03,-1
hist_bahrain_like,FULL_DEPLOY,0,0.786,1.82,False,704.6,119.6,0.45,0.914,0.912,0.251,1,2.163,0.0,0,2.012,-0.127,2
hist_bahrain_like,PARTIAL_DEPLOY,0,0.621,-3.0,False,714.3,132.4,0.45,0.793,0.705,0.12,48,3.075,0.0,6,1.728,0.06,1
hist_bahrain_like,HOLD,0,1.441,1.19,False,567.5,97.5,0.45,0.884,0.554,0.227,46,0.312,0.792,0,2.602,-0.067,0
hist_bahrain_like,HARVEST,0,0.732,18.52,False,553.1,178.8,0.45,0.839,0.665,0.056,43,1.471,0.019,6,2.07,-0.073,-1
hist_bahrain_like,HOLD,0,1.485,-2.06,True,517.0,114.8,0.45,0.629,0.727,0.119,48,2.963,0.0,0,1.071,-0.093,0
hist_bahrain_like,HARVEST,1,1.176,11.21,True,684.4,106.7,0.45,0.786,0.935,0.357,51,0.135,0.91,5,1.249,0.174,-1
hist_bahrain_like,HOLD,1,1.52,20.83,True,597.7,124.1,0.45,0.665,0.626,0.276,27,0.868,0.421,1,0.964,0.175,0
hist_bahrain_like,FULL_DEPLOY,1,0.603,12.15,False,354.9,130.5,0.45,0.802,0.874,0.065,54,2.09,0.0,1,1.706,0.233,2
hist_bahrain_like,PARTIAL_DEPLOY,1,0.494,19.49,True,706.4,164.7,0.45,0.868,0.541,0.359,17,0.842,0.439,2,0.288,0.22,1
hist_bahrain_like,HOLD,0,0.988,6.3,False,304.1,119.0,0.45,0.592,0.661,0.41,11,1.533,0.0,2,1.143,-0.361,0
hist_bahrain_like,HOLD,0,0.987,1.52,True,424.7,162.8,0.45,0.733,0.759,0.224,26,1.71,0.0,1,0.907,-0.127,0
hist_bahrain_like,PARTIAL_DEPLOY,1,0.176,27.51,True,794.7,99.7,0.45,0.72,0.621,0.281,38,0.197,0.869,4,0.666,-0.182,1
hist_bahrain_like,HOLD,0,1.908,14.88,True,672.1,149.7,0.45,0.865,0.524,0.086,51,2.704,0.0,6,1.169,-0.176,0
hist_bahrain_like,HOLD,0,1.778,5.54,True,488.8,98.1,0.45,0.648,0.808,0.388,24,0.117,0.922,1,1.165,0.134,0
hist_bahrain_like,FULL_DEPLOY,0,1.37,24.1,False,521.7,158.7,0.45,0.588,0.558,0.355,9,1.46,0.027,2,2.714,0.137,2
hist_bahrain_like,FULL_DEPLOY,0,1.115,7.14,False,514.4,169.7,0.45,0.621,0.606,0.195,33,2.899,0.0,4,1.878,-0.009,2
hist_bahrain_like,FULL_DEPLOY,1,0.457,2.39,True,515.9,120.6,0.45,0.812,0.692,0.164,25,2.396,0.0,3,0.298,0.202,2
hist_bahrain_like,HARVEST,0,0.983,-2.11,False,720.2,162.3,0.45,0.555,0.644,0.28,25,2.433,0.0,0,1.561,0.237,-1
hist_bahrain_like,PARTIAL_DEPLOY,1,0.907,20.97,True,442.1,162.6,0.45,0.913,0.726,0.362,46,1.239,0.174,4,2.921,0.096,1
hist_bahrain_like,FULL_DEPLOY,1,1.754,-2.2,True,702.9,113.2,0.45,0.756,0.777,0.399,28,0.265,0.823,2,0.312,-0.1,2
hist_bahrain_like,PARTIAL_DEPLOY,1,0.579,6.81,True,357.1,163.7,0.45,0.767,0.58,0.193,2,1.619,0.0,2,1.981,-0.155,1
hist_bahrain_like,FULL_DEPLOY,1,0.572,-2.06,True,449.1,128.8,0.45,0.66,0.937,0.326,16,3.224,0.0,6,2.81,-0.28,2
hist_bahrain_like,PARTIAL_DEPLOY,0,0.808,0.14,False,304.1,147.4,0.45,0.903,0.672,0.442,6,1.248,0.168,5,2.298,-0.038,1
hist_bahrain_like,PARTIAL_DEPLOY,1,1.471,20.99,True,811.2,161.4,0.45,0.778,0.948,0.296,35,3.004,0.0,1,2.144,-0.271,1
hist_bahrain_like,FULL_DEPLOY,1,0.622,19.11,True,539.1,135.1,0.45,0.568,0.679,0.123,19,1.027,0.315,3,0.78,0.059,2
hist_bahrain_like,FULL_DEPLOY,0,1.238,29.16,True,485.1,119.2,0.45,0.575,0.63,0.335,53,1.666,0.0,3,1.977,0.038,2
hist_bahrain_like,HARVEST,1,0.752,6.19,False,611.0,103.7,0.45,0.892,0.725,0.263,11,2.388,0.0,2,1.328,-0.139,-1
hist_bahrain_like,FULL_DEPLOY,1,1.167,7.09,True,623.3,116.3,0.45,0.676,0.804,0.062,40,2.089,0.0,4,1.185,-0.018,2
hist_bahrain_like,PARTIAL_DEPLOY,1,1.157,12.18,True,687.1,172.9,0.45,0.603,0.773,0.39,7,1.446,0.036,1,2.978,-0.113,1
hist_bahrain_like,FULL_DEPLOY,0,1.145,7.32,True,578.3,159.3,0.45,0.802,0.799,0.325,41,2.69,0.0,2,1.606,-0.095,2
hist_bahrain_like,FULL_DEPLOY,1,0.644,27.36,True,458.3,168.6,0.45,0.71,0.502,0.382,49,1.678,0.0,1,2.113,0.215,2
hist_bahrain_like,FULL_DEPLOY,1,0.88,17.27,False,614.4,179.9,0.45,0.79,0.829,0.428,21,2.173,0.0,1,1.794,0.213,2
hist_bahrain_like,FULL_DEPLOY,0,1.149,25.22,False,491.5,104.5,0.45,0.698,0.894,0.12,46,3.233,0.0,2,0.571,0.046,2
hist_bahrain_like,FULL_DEPLOY,0,0.566,16.11,False,596.6,135.0,0.45,0.594,0.772,0.183,11,0.933,0.378,5,2.895,-0.514,2
hist_bahrain_like,FULL_DEPLOY,0,1.738,-2.54,True,481.7,113.4,0.45,0.836,0.554,0.361,42,3.463,0.0,5,0.266,-0.32,2
hist_bahrain_like,FULL_DEPLOY,0,1.674,20.38,True,202.8,146.6,0.45,0.726,0.854,0.091,55,0.992,0.339,6,1.823,0.271,2
hist_bahrain_like,PARTIAL_DEPLOY,1,0.37,3.51,True,248.1,113.8,0.45,0.682,0.812,0.233,46,1.771,0.0,1,2.32,-0.168,1
hist_bahrain_like,FULL_DEPLOY,0,1.429,14.89,False,486.0,116.0,0.45,0.638,0.667,0.195,19,1.143,0.238,5,0.643,-0.113,2
hist_bahrain_like,PARTIAL_DEPLOY,1,0.393,23.18,True,353.0,144.7,0.45,0.894,0.616,0.141,55,0.82,0.453,2,0.615,0.19,1
hist_bahrain_like,FULL_DEPLOY,0,1.006,26.5,False,356.6,135.1,0.45,0.759,0.67,0.42,42,0.675,0.55,4,1.55,-0.209,2
hist_bahrain_like,HARVEST,0,0.75,5.83,True,494.7,115.0,0.45,0.861,0.855,0.31,23,1.796,0.0,4,2.756,0.318,-1
hist_bahrain_like,HOLD,0,1.509,7.72,True,220.9,135.7,0.45,0.659,0.933,0.389,35,3.067,0.0,6,0.357,-0.352,0
hist_bahrain_like,HOLD,0,1.41,17.78,True,433.9,152.1,0.45,0.732,0.518,0.294,36,1.043,0.305,5,0.732,0.035,0
hist_bahrain_like,PARTIAL_DEPLOY,1,0.216,2.97,False,333.8,138.3,0.45,0.863,0.643,0.304,13,1.726,0.0,3,0.433,-0.109,1
hist_bahrain_like,FULL_DEPLOY,1,0.67,-4.66,True,657.4,171.4,0.45,0.838,0.699,0.307,38,2.84,0.0,4,2.316,0.152,2
hist_bahrain_like,PARTIAL_DEPLOY,0,1.036,1.18,True,112.5,117.0,0.45,0.897,0.612,0.16,36,1.81,0.0,5,1.432,-0.044,1
hist_bahrain_like,PARTIAL_DEPLOY,0,1.797,12.83,True,428.4,106.1,0.45,0.854,0.803,0.088,29,1.264,0.157,5,1.708,0.143,1
hist_bahrain_like,HOLD,0,0.684,5.69,False,255.6,173.5,0.45,0.634,0.802,0.18,13,2.706,0.0,6,0.681,0.053,0
hist_bahrain_like,FULL_DEPLOY,0,1.342,22.61,False,665.1,114.2,0.45,0.923,0.712,0.392,20,1.361,0.093,2,1.134,-0.201,2
hist_bahrain_like,FULL_DEPLOY,0,1.17,21.69,True,527.0,126.8,0.45,0.808,0.563,0.233,18,0.166,0.889,5,0.766,-0.025,2
hist_bahrain_like,HARVEST,0,0.712,22.68,True,381.8,140.4,0.45,0.63,0.597,0.251,55,1.031,0.313,0,0.881,-0.104,-1
hist_bahrain_like,FULL_DEPLOY,0,1.909,28.13,False,187.0,153.6,0.45,0.65,0.944,0.284,4,0.445,0.703,5,1.16,0.323,2
hist_bahrain_like,FULL_DEPLOY,1,0.355,21.24,True,442.0,159.8,0.45,0.716,0.568,0.11,20,2.052,0.0,4,0.446,0.008,2
hist_bahrain_like,PARTIAL_DEPLOY,1,1.158,23.61,False,643.3,168.4,0.45,0.83,0.833,0.433,24,3.177,0.0,3,2.292,0.265,1
hist_bahrain_like,PARTIAL_DEPLOY,0,0.733,18.72,False,608.8,113.0,0.45,0.849,0.51,0.098,27,1.553,0.0,6,1.562,0.234,1
hist_bahrain_like,PARTIAL_DEPLOY,0,0.131,10.3,True,211.7,161.1,0.45,0.747,0.759,0.304,48,0.357,0.762,0,2.928,-0.009,1
hist_bahrain_like,HARVEST,0,1.19,11.4,False,298.6,107.2,0.45,0.579,0.808,0.377,30,1.634,0.0,5,0.626,-0.061,-1
hist_bahrain_like,FULL_DEPLOY,0,1.103,19.24,False,451.5,141.7,0.45,0.553,0.873,0.058,15,1.196,0.203,1,0.925,0.017,2
hist_bahrain_like,FULL_DEPLOY,0,1.342,2.01,False,701.5,173.3,0.45,0.907,0.822,0.281,13,2.728,0.0,1,1.064,0.199,2
hist_bahrain_like,HARVEST,0,1.581,13.9,False,418.9,110.7,0.45,0.634,0.636,0.22,18,0.892,0.405,1,2.363,0.154,-1
hist_bahrain_like,HARVEST,0,1.685,8.13,True,532.5,157.0,0.45,0.846,0.671,0.229,26,0.775,0.483,6,1.265,0.035,-1
hist_bahrain_like,HARVEST,0,0.409,2.34,False,471.7,179.6,0.45,0.716,0.595,0.086,33,1.324,0.117,2,1.624,-0.188,-1
hist_bahrain_like,FULL_DEPLOY,1,0.861,25.01,True,470.8,175.1,0.45,0.885,0.695,0.389,20,0.88,0.413,5,0.436,-0.123,2
hist_bahrain_like,PARTIAL_DEPLOY,0,1.486,26.41,True,533.9,90.8,0.45,0.757,0.563,0.238,3,0.308,0.795,6,0.788,-0.102,1
hist_bahrain_like,HOLD,0,0.897,1.11,True,355.3,103.6,0.45,0.874,0.801,0.196,8,2.774,0.0,0,1.593,-0.097,0
hist_bahrain_like,PARTIAL_DEPLOY,1,1.282,-4.0,True,646.4,156.1,0.45,0.608,0.683,0.266,49,2.135,0.0,4,0.675,0.04,1
hist_bahrain_like,FULL_DEPLOY,1,1.978,-1.07,True,561.7,178.5,0.45,0.892,0.742,0.104,39,2.852,0.0,0,1.072,-0.424,2
hist_bahrain_like,PARTIAL_DEPLOY,0,1.918,18.4,True,197.4,141.4,0.45,0.6,0.732,0.372,10,0.867,0.422,0,2.281,0.017,1
hist_bahrain_like,HOLD,0,0.53,1.46,False,360.4,119.6,0.45,0.94,0.801,0.258,37,3.458,0.0,2,2.328,0.142,0
hist_silverstone_like,HARVEST,0,1.521,22.99,False,534.7,91.3,0.5,0.804,0.876,0.145,26,1.197,0.202,4,1.546,-0.536,-1
hist_silverstone_like,FULL_DEPLOY,0,0.959,2.52,False,344.6,139.1,0.5,0.597,0.626,0.357,22,1.247,0.169,1,0.915,0.081,2
hist_silverstone_like,HARVEST,0,1.369,6.98,True,552.0,147.8,0.5,0.936,0.557,0.141,30,2.922,0.0,0,1.741,0.074,-1
hist_silverstone_like,FULL_DEPLOY,0,1.151,27.88,False,712.4,177.5,0.5,0.623,0.869,0.404,33,0.763,0.491,6,2.106,0.022,2
hist_silverstone_like,HOLD,0,1.169,13.57,True,237.2,152.4,0.5,0.949,0.575,0.113,44,0.663,0.558,5,2.605,-0.052,0
hist_silverstone_like,FULL_DEPLOY,0,1.731,4.74,False,762.7,175.4,0.5,0.669,0.905,0.439,31,1.691,0.0,1,2.22,-0.024,2
hist_silverstone_like,PARTIAL_DEPLOY,0,0.497,20.67,False,649.8,102.6,0.5,0.742,0.572,0.439,16,1.43,0.047,1,2.009,0.137,1
hist_silverstone_like,HARVEST,1,0.53,28.22,True,482.2,126.1,0.5,0.84,0.764,0.319,14,1.607,0.0,5,0.971,-0.133,-1
hist_silverstone_like,HARVEST,0,1.566,15.95,True,161.9,138.7,0.5,0.794,0.569,0.402,49,3.196,0.0,2,2.651,0.141,-1
hist_silverstone_like,PARTIAL_DEPLOY,1,0.314,11.33,False,406.5,168.9,0.5,0.827,0.858,0.353,15,1.878,0.0,0,2.993,-0.215,1
hist_silverstone_like,FULL_DEPLOY,1,1.69,28.71,True,225.8,115.2,0.5,0.84,0.624,0.151,33,1.218,0.188,5,2.542,-0.305,2
hist_silverstone_like,FULL_DEPLOY,0,0.561,12.32,False,413.4,149.9,0.5,0.592,0.851,0.333,36,2.163,0.0,4,1.252,-0.452,2
hist_silverstone_like,HARVEST,0,1.222,22.78,False,353.3,158.8,0.5,0.694,0.803,0.412,27,2.872,0.0,5,2.284,-0.046,-1
hist_silverstone_like,HARVEST,0,1.886,23.46,False,636.4,160.0,0.5,0.818,0.512,0.277,2,2.244,0.0,2,0.477,0.316,-1
hist_silverstone_like,PARTIAL_DEPLOY,0,0.781,18.91,True,537.9,160.5,0.5,0.68,0.815,0.304,50,2.798,0.0,1,1.764,-0.035,1
hist_silverstone_like,PARTIAL_DEPLOY,0,1.584,1.02,True,256.0,98.0,0.5,0.691,0.742,0.372,15,1.176,0.216,2,0.484,-0.05,1
hist_silverstone_like,FULL_DEPLOY,0,1.315,21.48,True,526.8,120.3,0.5,0.725,0.663,0.114,11,1.197,0.202,0,0.731,-0.181,2
hist_silverstone_like,PARTIAL_DEPLOY,1,1.538,13.84,True,585.4,152.6,0.5,0.629,0.541,0.289,43,1.476,0.016,2,0.608,-0.1,1
hist_silverstone_like,FULL_DEPLOY,0,0.297,28.46,False,515.1,141.3,0.5,0.583,0.95,0.227,3,0.936,0.376,1,2.069,-0.108,2
hist_silverstone_like,HOLD,0,0.566,2.9,False,593.3,109.4,0.5,0.555,0.61,0.058,40,1.743,0.0,3,1.361,-0.246,0
hist_silverstone_like,FULL_DEPLOY,0,1.292,26.1,False,415.3,178.4,0.5,0.871,0.619,0.198,16,1.189,0.207,2,0.416,-0.313,2
hist_silverstone_like,HOLD,0,1.612,15.26,True,296.2,172.6,0.5,0.944,0.819,0.264,7,2.845,0.0,4,0.838,-0.18,0
hist_silverstone_like,HOLD,1,0.984,15.1,True,290.9,129.3,0.5,0.931,0.577,0.274,36,2.311,0.0,2,1.535,-0.159,0
hist_silverstone_like,PARTIAL_DEPLOY,0,1.183,28.16,False,367.6,154.2,0.5,0.746,0.817,0.427,26,0.832,0.445,3,1.068,-0.056,1
hist_silverstone_like,FULL_DEPLOY,0,0.374,13.89,False,413.1,144.9,0.5,0.835,0.661,0.098,5,2.187,0.0,4,1.358,0.021,2
hist_silverstone_like,HOLD,0,1.688,-3.97,False,503.7,155.6,0.5,0.683,0.542,0.211,45,3.327,0.0,3,2.454,-0.167,0
hist_silverstone_like,HOLD,0,0.282,7.43,False,548.0,106.6,0.5,0.711,0.602,0.444,41,0.377,0.749,3,2.305,-0.162,0
hist_silverstone_like,HARVEST,0,1.397,-1.66,True,415.4,178.7,0.5,0.555,0.647,0.173,52,3.177,0.0,4,1.25,0.112,-1
hist_silverstone_like,FULL_DEPLOY,0,0.445,2.64,True,649.9,144.0,0.5,0.78,0.901,0.333,50,0.703,0.531,1,2.48,-0.318,2
hist_silverstone_like,HARVEST,0,1.634,5.91,True,490.8,121.4,0.5,0.622,0.733,0.41,32,0.757,0.495,1,2.993,0.413,-1
hist_silverstone_like,FULL_DEPLOY,0,1.59,28.04,False,523.4,102.7,0.5,0.934,0.721,0.368,3,1.318,0.121,3,2.471,0.06,2
hist_silverstone_like,HARVEST,0,1.711,-1.82,False,293.5,172.1,0.5,0.775,0.816,0.259,49,1.958,0.0,1,0.991,0.224,-1
hist_silverstone_like,FULL_DEPLOY,1,0.868,8.2,True,288.1,133.6,0.5,0.706,0.724,0.365,19,2.721,0.0,5,0.354,0.01,2
hist_silverstone_like,HOLD,0,1.318,20.87,True,335.5,94.2,0.5,0.671,0.585,0.436,4,2.901,0.0,5,2.646,-0.018,0
hist_silverstone_like,PARTIAL_DEPLOY,0,1.394,-3.43,True,327.3,109.9,0.5,0.678,0.821,0.248,37,2.277,0.0,0,0.327,0.034,1
hist_silverstone_like,PARTIAL_DEPLOY,0,0.109,3.41,False,638.3,164.8,0.5,0.944,0.944,0.381,24,3.22,0.0,3,0.325,0.095,1
hist_silverstone_like,FULL_DEPLOY,1,1.393,19.86,False,289.5,148.8,0.5,0.915,0.684,0.054,53,1.506,0.0,2,2.559,0.442,2
hist_silverstone_like,HARVEST,0,1.29,8.84,False,662.1,130.4,0.5,0.815,0.6,0.305,8,0.64,0.573,6,1.568,0.072,-1
hist_silverstone_like,PARTIAL_DEPLOY,1,1.915,20.03,False,393.3,167.0,0.5,0.655,0.842,0.208,13,3.331,0.0,4,2.57,0.16,1
hist_silverstone_like,FULL_DEPLOY,0,0.308,3.0,False,592.7,106.6,0.5,0.855,0.863,0.147,40,1.361,0.093,5,0.6,-0.047,2
hist_silverstone_like,HOLD,0,1.56,20.37,True,506.0,167.4,0.5,0.65,0.579,0.235,42,0.292,0.805,3,0.629,0.01,0
hist_silverstone_like,HOLD,0,0.738,20.24,True,472.5,129.6,0.5,0.887,0.771,0.165,11,0.587,0.609,2,0.359,-0.082,0
hist_silverstone_like,HOLD,1,1.476,6.26,True,605.6,90.5,0.5,0.551,0.526,0.205,37,0.507,0.662,1,2.334,-0.176,0
hist_silverstone_like,FULL_DEPLOY,0,1.881,17.57,True,461.3,145.4,0.5,0.73,0.837,0.323,40,0.95,0.367,5,1.474,0.101,2
hist_silverstone_like,PARTIAL_DEPLOY,0,0.525,5.04,False,564.8,113.1,0.5,0.614,0.833,0.223,20,0.59,0.607,3,1.349,-0.046,1
hist_silverstone_like,HOLD,0,1.696,7.35,False,219.1,127.9,0.5,0.717,0.83,0.228,25,1.676,0.0,2,1.113,-0.258,0
hist_silverstone_like,HOLD,0,1.454,14.89,False,385.9,122.7,0.5,0.735,0.888,0.367,24,2.29,0.0,1,1.3,-0.347,0
hist_silverstone_like,FULL_DEPLOY,0,0.197,2.6,False,454.9,104.1,0.5,0.704,0.733,0.122,29,0.181,0.879,1,1.281,-0.08,2
hist_silverstone_like,HOLD,1,1.318,15.13,False,496.5,112.1,0.5,0.845,0.843,0.245,40,3.272,0.0,4,1.686,0.142,0
hist_silverstone_like,HARVEST,0,0.263,-4.7,False,391.0,94.7,0.5,0.891,0.641,0.411,13,2.628,0.0,1,1.061,0.256,-1
hist_silverstone_like,FULL_DEPLOY,0,1.003,19.63,True,574.8,171.1,0.5,0.611,0.687,0.263,40,1.493,0.005,4,1.746,0.153,2
hist_silverstone_like,HOLD,0,1.955,18.24,True,501.6,130.0,0.5,0.852,0.561,0.202,25,1.721,0.0,6,0.256,-0.14,0
hist_silverstone_like,HOLD,0,0.95,-4.31,True,355.0,120.6,0.5,0.584,0.666,0.121,40,1.12,0.253,3,2.767,-0.162,0
hist_silverstone_like,HOLD,0,1.927,6.22,False,645.2,175.4,0.5,0.583,0.771,0.37,2,2.214,0.0,4,1.37,0.19,0
hist_silverstone_like,PARTIAL_DEPLOY,0,1.966,26.65,True,382.1,148.4,0.5,0.83,0.618,0.448,22,0.238,0.841,5,2.986,0.11,1
hist_silverstone_like,HARVEST,0,0.348,29.24,False,236.6,156.1,0.5,0.558,0.671,0.412,25,1.421,0.053,5,2.081,-0.059,-1
hist_silverstone_like,FULL_DEPLOY,1,0.874,6.97,False,383.3,134.0,0.5,0.657,0.911,0.418,6,2.839,0.0,2,2.612,-0.249,2
hist_silverstone_like,HARVEST,0,0.562,1.2,True,400.3,141.5,0.5,0.645,0.539,0.08,47,0.146,0.903,6,1.155,0.064,-1
hist_silverstone_like,FULL_DEPLOY,0,1.299,6.58,False,381.2,102.5,0.5,0.917,0.917,0.124,46,3.335,0.0,0,1.412,-0.044,2
hist_silverstone_like,FULL_DEPLOY,1,0.709,13.53,True,325.3,107.8,0.5,0.945,0.772,0.124,19,2.587,0.0,4,2.622,0.119,2
hist_silverstone_like,HOLD,0,1.951,4.21,False,333.5,101.2,0.5,0.855,0.585,0.389,49,3.473,0.0,1,1.305,-0.059,0
hist_silverstone_like,PARTIAL_DEPLOY,1,0.515,3.78,True,312.1,111.7,0.5,0.553,0.901,0.323,19,2.665,0.0,0,0.373,-0.431,1
hist_silverstone_like,FULL_DEPLOY,1,0.252,21.76,False,667.0,97.9,0.5,0.785,0.912,0.195,44,2.159,0.0,0,1.794,0.025,2
hist_silverstone_like,FULL_DEPLOY,0,0.804,5.51,True,289.9,139.1,0.5,0.848,0.603,0.118,45,1.3,0.133,3,2.664,-0.161,2
hist_silverstone_like,FULL_DEPLOY,1,0.981,26.47,True,576.8,127.8,0.5,0.56,0.563,0.177,41,0.608,0.595,2,0.239,0.26,2
hist_silverstone_like,HOLD,0,0.512,-4.43,True,206.6,114.4,0.5,0.629,0.724,0.113,54,3.348,0.0,4,0.977,0.101,0
hist_silverstone_like,FULL_DEPLOY,0,1.9,0.59,False,776.1,96.0,0.5,0.679,0.715,0.166,16,1.864,0.0,3,2.45,0.187,2
hist_silverstone_like,HOLD,1,0.743,5.87,False,432.2,145.0,0.5,0.79,0.738,0.186,24,2.844,0.0,6,0.559,-0.208,0
hist_silverstone_like,PARTIAL_DEPLOY,1,0.892,2.33,True,451.6,118.1,0.5,0.916,0.938,0.365,36,1.259,0.161,6,1.127,0.403,1
hist_silverstone_like,HOLD,0,1.445,16.33,False,493.5,112.4,0.5,0.775,0.901,0.175,7,1.406,0.063,1,1.946,0.203,0
hist_silverstone_like,PARTIAL_DEPLOY,0,0.227,8.64,True,449.6,122.7,0.5,0.861,0.713,0.139,1,1.213,0.191,6,1.938,-0.313,1
hist_silverstone_like,FULL_DEPLOY,1,1.972,16.17,True,320.5,164.2,0.5,0.808,0.931,0.289,8,1.105,0.263,0,2.259,0.121,2
hist_silverstone_like,FULL_DEPLOY,1,0.904,23.65,True,414.2,92.3,0.5,0.811,0.843,0.081,30,2.738,0.0,1,1.451,0.111,2
hist_silverstone_like,PARTIAL_DEPLOY,0,0.305,4.57,True,479.2,153.6,0.5,0.731,0.573,0.101,2,0.521,0.653,6,1.114,-0.109,1
hist_silverstone_like,FULL_DEPLOY,1,1.145,17.01,False,314.3,165.2,0.5,0.564,0.627,0.276,37,0.234,0.844,4,0.356,0.109,2
hist_silverstone_like,HARVEST,0,0.366,-1.42,True,341.9,154.2,0.5,0.587,0.662,0.193,6,1.503,0.0,6,0.395,-0.058,-1
hist_silverstone_like,FULL_DEPLOY,1,1.42,14.18,True,443.4,158.6,0.5,0.897,0.602,0.073,44,1.996,0.0,0,2.0,0.114,2
hist_silverstone_like,HOLD,0,1.905,28.4,True,258.1,118.8,0.5,0.705,0.785,0.208,33,2.703,0.0,3,0.266,-0.046,0
hist_silverstone_like,HOLD,0,1.22,2.31,False,653.1,142.3,0.5,0.697,0.904,0.116,14,0.618,0.588,0,2.763,0.014,0
hist_silverstone_like,FULL_DEPLOY,0,0.404,2.06,False,298.1,120.1,0.5,0.681,0.617,0.098,19,1.636,0.0,3,1.889,-0.139,2
hist_silverstone_like,HOLD,1,0.314,8.56,True,512.9,158.4,0.5,0.844,0.634,0.326,14,3.115,0.0,6,1.049,-0.055,0
hist_silverstone_like,PARTIAL_DEPLOY,1,0.512,-4.17,True,468.9,164.7,0.5,0.894,0.593,0.429,25,2.548,0.0,3,2.956,-0.096,1
hist_silverstone_like,PARTIAL_DEPLOY,1,1.611,18.35,False,483.1,90.0,0.5,0.562,0.523,0.054,18,3.263,0.0,2,1.446,0.045,1
hist_silverstone_like,PARTIAL_DEPLOY,0,0.509,1.68,True,50,168.9,0.5,0.58,0.688,0.059,50,0.219,0.854,0,1.046,-0.037,1
hist_silverstone_like,HOLD,0,0.329,17.28,False,502.0,173.9,0.5,0.62,0.551,0.34,30,3.057,0.0,4,2.146,-0.397,0
hist_silverstone_like,HARVEST,0,1.49,0.37,True,451.7,151.0,0.5,0.562,0.724,0.382,27,0.695,0.537,0,1.815,0.069,-1
hist_silverstone_like,PARTIAL_DEPLOY,0,1.449,20.16,True,395.7,176.7,0.5,0.625,0.81,0.374,42,0.25,0.833,4,2.539,0.297,1
hist_silverstone_like,HOLD,0,1.46,20.99,True,566.1,98.0,0.5,0.697,0.869,0.268,24,2.339,0.0,2,2.233,-0.17,0
hist_silverstone_like,FULL_DEPLOY,1,0.431,9.06,True,348.3,163.3,0.5,0.851,0.723,0.267,24,3.369,0.0,0,1.886,0.136,2
hist_silverstone_like,FULL_DEPLOY,0,0.956,13.87,False,330.6,170.1,0.5,0.687,0.913,0.443,10,2.136,0.0,4,1.972,-0.013,2
hist_silverstone_like,HOLD,0,1.667,8.87,False,755.1,139.0,0.5,0.758,0.759,0.152,36,2.36,0.0,1,2.271,-0.416,0
hist_silverstone_like,PARTIAL_DEPLOY,1,1.491,22.89,True,178.3,125.5,0.5,0.813,0.677,0.281,48,1.487,0.009,6,2.966,0.044,1
hist_silverstone_like,HOLD,1,1.461,26.26,False,474.1,172.4,0.5,0.828,0.638,0.352,20,2.906,0.0,4,1.987,-0.222,0
hist_silverstone_like,PARTIAL_DEPLOY,1,0.33,1.5,False,390.7,96.4,0.5,0.651,0.928,0.219,23,2.349,0.0,0,2.154,-0.061,1
hist_silverstone_like,FULL_DEPLOY,0,1.277,27.18,False,231.6,177.9,0.5,0.75,0.658,0.152,31,3.028,0.0,3,2.308,-0.167,2
hist_silverstone_like,PARTIAL_DEPLOY,0,1.903,18.97,False,264.0,124.2,0.5,0.935,0.842,0.085,17,1.949,0.0,0,0.887,0.137,1
hist_silverstone_like,FULL_DEPLOY,0,1.523,3.45,False,546.2,159.9,0.5,0.892,0.597,0.214,1,2.425,0.0,4,2.616,0.037,2
hist_silverstone_like,HOLD,1,0.98,19.4,True,75.3,173.2,0.5,0.811,0.522,0.284,45,1.857,0.0,1,2.726,-0.032,0
hist_silverstone_like,PARTIAL_DEPLOY,0,0.911,19.04,False,572.4,112.4,0.5,0.705,0.835,0.312,12,2.726,0.0,0,1.046,0.106,1
hist_silverstone_like,FULL_DEPLOY,0,0.535,10.56,False,716.3,172.0,0.5,0.591,0.563,0.346,39,2.013,0.0,3,1.589,0.058,2
hist_silverstone_like,PARTIAL_DEPLOY,1,1.306,-1.28,True,385.4,128.0,0.5,0.576,0.618,0.429,23,1.714,0.0,4,2.774,0.251,1
hist_silverstone_like,HOLD,1,0.264,1.54,True,250.5,149.4,0.5,0.768,0.751,0.241,51,2.331,0.0,4,1.357,-0.135,0
hist_silverstone_like,HOLD,0,1.519,8.67,True,396.6,137.2,0.5,0.656,0.739,0.171,52,0.566,0.623,1,2.61,-0.002,0
hist_silverstone_like,FULL_DEPLOY,1,0.507,1.03,False,328.0,146.4,0.5,0.893,0.532,0.317,55,1.834,0.0,6,2.329,-0.6,2
hist_silverstone_like,HOLD,0,0.569,21.37,False,350.8,113.6,0.5,0.574,0.694,0.398,50,1.442,0.039,1,2.081,0.109,0
hist_silverstone_like,HOLD,0,1.522,-0.54,False,357.1,161.1,0.5,0.905,0.791,0.352,11,0.921,0.386,4,1.005,0.031,0
hist_silverstone_like,HARVEST,0,1.167,19.66,False,426.1,115.0,0.5,0.662,0.793,0.445,22,1.132,0.245,4,1.895,-0.057,-1
hist_silverstone_like,FULL_DEPLOY,0,0.834,25.49,False,276.8,152.6,0.5,0.919,0.772,0.314,37,0.567,0.622,2,0.455,-0.183,2
hist_silverstone_like,HARVEST,1,0.578,4.39,True,376.4,118.2,0.5,0.912,0.908,0.276,23,3.406,0.0,1,2.512,0.233,-1
hist_silverstone_like,FULL_DEPLOY,0,1.372,1.59,False,402.9,160.8,0.5,0.871,0.81,0.126,44,1.329,0.114,4,1.748,0.063,2
hist_silverstone_like,HARVEST,0,1.477,25.67,False,492.8,164.7,0.5,0.623,0.791,0.249,16,1.432,0.045,5,0.958,0.34,-1
hist_silverstone_like,HARVEST,1,0.58,28.83,False,342.6,178.5,0.5,0.551,0.585,0.424,32,1.646,0.0,4,1.834,-0.044,-1
hist_silverstone_like,HARVEST,0,1.965,16.98,True,545.1,118.2,0.5,0.606,0.555,0.354,4,0.24,0.84,0,0.977,0.135,-1
hist_silverstone_like,FULL_DEPLOY,0,0.489,26.2,False,384.4,90.9,0.5,0.685,0.781,0.161,28,0.918,0.388,1,1.931,-0.142,2
hist_silverstone_like,HOLD,1,0.388,14.38,True,471.1,164.3,0.5,0.631,0.777,0.432,6,2.042,0.0,4,2.94,0.356,0
hist_silverstone_like,FULL_DEPLOY,1,0.52,11.08,True,591.8,105.6,0.5,0.638,0.548,0.146,20,1.58,0.0,6,1.879,-0.105,2
hist_silverstone_like,HARVEST,0,0.876,10.54,True,643.1,157.6,0.5,0.559,0.844,0.132,44,1.771,0.0,6,2.65,-0.252,-1
hist_silverstone_like,FULL_DEPLOY,1,1.693,16.23,True,445.7,153.3,0.5,0.79,0.815,0.201,51,1.474,0.017,1,1.08,-0.125,2
hist_silverstone_like,HOLD,0,0.821,25.72,False,345.0,148.1,0.5,0.576,0.821,0.059,37,1.274,0.151,3,0.257,-0.237,0
hist_silverstone_like,FULL_DEPLOY,1,0.584,3.0,True,483.5,179.7,0.5,0.741,0.576,0.391,42,1.858,0.0,4,2.468,0.315,2
hist_silverstone_like,HOLD,1,0.271,27.05,True,403.8,97.1,0.5,0.923,0.704,0.167,55,1.582,0.0,6,2.765,-0.06,0
hist_silverstone_like,HOLD,1,1.756,16.73,False,548.5,160.5,0.5,0.899,0.89,0.346,19,1.963,0.0,3,2.706,0.031,0
hist_silverstone_like,HARVEST,0,0.228,-1.45,False,453.4,131.6,0.5,0.854,0.825,0.111,12,0.935,0.377,0,1.111,0.093,-1
hist_silverstone_like,HARVEST,0,0.848,0.85,True,525.5,166.2,0.5,0.647,0.774,0.197,51,1.05,0.3,1,1.474,-0.078,-1
hist_silverstone_like,HARVEST,0,0.227,8.21,True,159.5,151.0,0.5,0.708,0.744,0.212,34,1.687,0.0,5,2.841,0.087,-1
hist_silverstone_like,FULL_DEPLOY,0,1.528,13.32,True,582.5,135.3,0.5,0.75,0.862,0.133,39,3.482,0.0,6,1.036,-0.163,2
hist_silverstone_like,PARTIAL_DEPLOY,0,0.145,12.05,False,475.6,157.5,0.5,0.73,0.766,0.354,9,2.307,0.0,2,1.31,0.337,1
hist_silverstone_like,PARTIAL_DEPLOY,1,1.025,11.32,True,671.3,169.4,0.5,0.735,0.687,0.071,10,3.15,0.0,0,1.027,0.211,1
hist_silverstone_like,FULL_DEPLOY,1,0.248,5.29,False,379.1,178.3,0.5,0.889,0.53,0.183,20,3.235,0.0,1,0.231,-0.018,2
hist_silverstone_like,HARVEST,1,0.147,2.65,True,567.3,92.2,0.5,0.711,0.859,0.234,40,1.21,0.193,2,0.343,-0.102,-1
hist_silverstone_like,FULL_DEPLOY,0,0.923,12.99,False,181.9,135.5,0.5,0.949,0.569,0.38,22,2.346,0.0,3,2.248,-0.099,2
hist_silverstone_like,HOLD,1,0.277,8.44,True,357.2,93.8,0.5,0.671,0.929,0.128,37,0.758,0.495,6,2.513,0.146,0
hist_silverstone_like,HOLD,0,0.101,-2.68,False,403.2,95.9,0.5,0.737,0.942,0.42,32,0.488,0.675,5,1.487,0.229,0
hist_silverstone_like,FULL_DEPLOY,0,1.916,4.03,False,297.3,170.0,0.5,0.876,0.649,0.316,34,0.629,0.581,5,2.539,-0.256,2
hist_silverstone_like,HOLD,0,0.53,-4.22,True,335.7,134.9,0.5,0.84,0.682,0.431,20,2.826,0.0,2,0.498,0.21,0
hist_silverstone_like,HOLD,1,0.982,0.36,True,505.5,138.8,0.5,0.695,0.834,0.218,22,1.117,0.255,1,0.655,-0.456,0
hist_silverstone_like,PARTIAL_DEPLOY,0,1.86,-3.01,True,278.7,178.1,0.5,0.684,0.667,0.173,32,3.089,0.0,3,2.798,0.086,1
hist_silverstone_like,HOLD,1,0.644,16.37,True,483.1,104.3,0.5,0.681,0.67,0.083,6,0.38,0.747,5,0.224,-0.226,0
hist_silverstone_like,HOLD,0,1.984,-4.93,True,707.7,123.0,0.5,0.824,0.872,0.193,37,0.398,0.735,1,2.7,0.427,0
hist_silverstone_like,HARVEST,1,1.267,23.75,True,457.0,105.3,0.5,0.706,0.947,0.093,38,1.091,0.273,6,1.673,0.08,-1
hist_silverstone_like,PARTIAL_DEPLOY,0,0.399,22.16,True,313.3,115.5,0.5,0.707,0.652,0.115,31,2.855,0.0,2,2.865,0.003,1
hist_silverstone_like,FULL_DEPLOY,0,1.633,3.23,False,624.8,117.8,0.5,0.681,0.608,0.109,10,0.225,0.85,0,1.846,0.071,2
hist_silverstone_like,HOLD,0,1.473,4.89,True,372.8,133.3,0.5,0.714,0.918,0.317,43,1.977,0.0,4,1.047,0.134,0
hist_silverstone_like,PARTIAL_DEPLOY,0,0.397,1.7,True,111.6,92.8,0.5,0.891,0.613,0.125,32,1.676,0.0,3,2.394,0.142,1
hist_silverstone_like,FULL_DEPLOY,0,1.351,28.53,False,484.7,168.2,0.5,0.616,0.613,0.087,22,0.604,0.597,1,0.872,-0.094,2
hist_silverstone_like,HOLD,0,0.894,21.98,False,191.3,154.0,0.5,0.87,0.668,0.051,31,2.723,0.0,4,0.765,0.181,0
hist_silverstone_like,PARTIAL_DEPLOY,0,1.109,26.14,False,263.0,129.1,0.5,0.93,0.86,0.232,47,2.109,0.0,2,1.709,-0.179,1
hist_silverstone_like,FULL_DEPLOY,0,1.22,28.78,True,374.8,164.7,0.5,0.717,0.709,0.404,37,0.885,0.41,2,2.537,0.027,2
hist_silverstone_like,HARVEST,0,1.652,18.4,False,409.0,110.6,0.5,0.639,0.87,0.146,1,1.562,0.0,0,2.447,0.011,-1
hist_silverstone_like,FULL_DEPLOY,0,0.131,25.4,False,692.3,159.0,0.5,0.865,0.846,0.315,32,3.462,0.0,1,1.695,-0.329,2
hist_silverstone_like,FULL_DEPLOY,0,1.165,6.5,True,490.1,97.2,0.5,0.809,0.926,0.058,9,3.266,0.0,5,0.923,0.289,2
hist_silverstone_like,FULL_DEPLOY,1,0.488,0.74,True,232.9,173.9,0.5,0.674,0.744,0.269,5,0.359,0.761,1,2.645,0.01,2
hist_silverstone_like,PARTIAL_DEPLOY,0,1.934,-1.03,True,604.8,160.2,0.5,0.736,0.555,0.317,18,2.771,0.0,2,2.409,0.236,1
hist_silverstone_like,PARTIAL_DEPLOY,0,1.478,26.88,False,538.4,177.2,0.5,0.857,0.946,0.115,22,0.645,0.57,6,2.131,0.211,1
hist_silverstone_like,PARTIAL_DEPLOY,0,0.157,24.87,False,172.0,159.8,0.5,0.711,0.575,0.298,31,2.73,0.0,5,2.153,0.15,1
hist_silverstone_like,FULL_DEPLOY,0,1.159,11.02,True,383.0,123.2,0.5,0.91,0.516,0.125,37,1.308,0.128,5,2.815,-0.123,2
hist_silverstone_like,PARTIAL_DEPLOY,0,1.738,-2.02,False,260.5,100.5,0.5,0.604,0.722,0.448,47,2.689,0.0,0,1.95,-0.144,1
hist_silverstone_like,PARTIAL_DEPLOY,0,1.12,9.9,True,477.7,99.6,0.5,0.926,0.799,0.449,45,0.978,0.348,3,2.998,-0.075,1
hist_silverstone_like,PARTIAL_DEPLOY,1,0.243,5.79,True,838.7,119.5,0.5,0.835,0.891,0.423,39,2.138,0.0,0,1.215,0.08,1
hist_silverstone_like,HARVEST,0,0.447,2.43,False,486.1,110.8,0.5,0.661,0.879,0.27,35,3.204,0.0,0,2.472,-0.25,-1
hist_silverstone_like,PARTIAL_DEPLOY,0,1.822,18.03,True,134.9,118.1,0.5,0.901,0.542,0.183,48,0.277,0.815,0,0.464,0.263,1
hist_silverstone_like,HARVEST,0,0.992,7.64,True,415.4,113.8,0.5,0.786,0.753,0.368,6,1.236,0.176,1,2.016,-0.364,-1
hist_silverstone_like,HARVEST,1,0.994,20.51,True,398.8,151.4,0.5,0.645,0.684,0.323,18,2.061,0.0,5,2.374,-0.371,-1
hist_silverstone_like,HOLD,0,1.265,8.6,False,594.6,116.3,0.5,0.604,0.938,0.215,38,1.078,0.281,1,1.926,0.241,0
hist_silverstone_like,FULL_DEPLOY,1,0.103,-0.99,False,415.4,141.9,0.5,0.876,0.761,0.437,16,0.55,0.633,0,0.846,-0.307,2
hist_silverstone_like,FULL_DEPLOY,0,0.353,2.63,False,466.3,141.7,0.5,0.811,0.823,0.382,1,1.505,0.0,2,0.778,0.198,2
hist_silverstone_like,PARTIAL_DEPLOY,1,0.718,9.39,False,351.2,108.1,0.5,0.804,0.593,0.191,43,3.018,0.0,5,0.88,-0.196,1
hist_silverstone_like,HARVEST,0,0.923,0.55,False,428.4,165.0,0.5,0.849,0.736,0.132,8,3.096,0.0,1,0.994,0.151,-1
hist_silverstone_like,HARVEST,0,1.214,7.17,False,202.4,114.8,0.5,0.741,0.676,0.114,15,1.59,0.0,1,0.248,0.096,-1
hist_silverstone_like,HOLD,1,0.309,20.24,True,592.2,152.1,0.5,0.659,0.796,0.37,48,1.473,0.018,0,1.788,0.111,0
hist_silverstone_like,HOLD,0,1.54,18.4,False,216.9,137.7,0.5,0.623,0.724,0.261,10,3.359,0.0,2,2.352,-0.235,0
hist_silverstone_like,FULL_DEPLOY,1,0.467,-1.2,True,264.7,158.8,0.5,0.65,0.862,0.284,41,1.467,0.022,6,2.89,-0.172,2
hist_silverstone_like,HOLD,0,1.791,6.37,False,262.6,137.9,0.5,0.747,0.694,0.275,45,0.359,0.761,4,2.709,0.264,0
hist_silverstone_like,FULL_DEPLOY,1,1.116,20.85,True,719.0,179.1,0.5,0.769,0.823,0.138,14,0.843,0.438,0,0.303,0.265,2
hist_silverstone_like,PARTIAL_DEPLOY,0,1.322,26.14,False,703.2,145.1,0.5,0.587,0.613,0.289,48,2.239,0.0,6,0.875,0.251,1
hist_silverstone_like,HARVEST,0,1.86,12.13,False,438.1,161.6,0.5,0.905,0.545,0.251,15,3.244,0.0,2,0.2,-0.154,-1
hist_silverstone_like,HOLD,1,0.151,-1.59,False,539.3,105.5,0.5,0.613,0.832,0.343,13,2.913,0.0,1,0.571,0.021,0
hist_silverstone_like,HOLD,1,0.16,20.4,False,473.8,123.0,0.5,0.853,0.842,0.384,28,0.623,0.585,0,2.534,0.105,0
hist_silverstone_like,HARVEST,0,1.113,18.96,False,618.0,109.1,0.5,0.611,0.549,0.142,53,0.665,0.557,5,1.657,0.214,-1
hist_silverstone_like,PARTIAL_DEPLOY,0,1.784,0.51,False,343.6,138.0,0.5,0.777,0.929,0.22,40,2.945,0.0,3,0.982,-0.009,1
hist_silverstone_like,HARVEST,0,0.473,5.34,False,356.1,142.3,0.5,0.869,0.557,0.072,48,2.481,0.0,6,0.517,0.019,-1
hist_silverstone_like,HOLD,1,0.2,1.29,False,462.6,161.9,0.5,0.646,0.523,0.393,35,3.107,0.0,1,1.709,0.211,0
hist_silverstone_like,PARTIAL_DEPLOY,0,0.731,-0.23,True,157.3,108.5,0.5,0.871,0.599,0.304,34,0.603,0.598,3,0.4,0.171,1
hist_silverstone_like,PARTIAL_DEPLOY,0,0.976,18.85,False,234.4,120.4,0.5,0.563,0.505,0.061,43,2.449,0.0,6,2.467,0.173,1
hist_silverstone_like,HARVEST,0,0.257,1.66,False,634.0,138.5,0.5,0.699,0.854,0.349,39,0.188,0.875,1,2.968,0.203,-1
hist_silverstone_like,PARTIAL_DEPLOY,0,1.53,4.13,True,626.8,163.1,0.5,0.79,0.759,0.241,32,1.876,0.0,6,0.414,0.153,1
hist_silverstone_like,HARVEST,0,0.697,11.41,True,375.9,94.4,0.5,0.815,0.899,0.201,41,1.261,0.159,2,2.227,0.012,-1
hist_silverstone_like,HARVEST,0,0.548,0.22,True,504.4,110.5,0.5,0.679,0.798,0.196,53,0.679,0.547,4,1.251,0.306,-1
hist_silverstone_like,HARVEST,0,0.873,3.41,False,294.5,122.0,0.5,0.949,0.848,0.361,55,3.244,0.0,1,0.552,-0.146,-1
hist_silverstone_like,FULL_DEPLOY,0,0.58,13.5,False,520.5,172.4,0.5,0.845,0.618,0.343,55,2.289,0.0,4,2.856,-0.462,2
hist_silverstone_like,FULL_DEPLOY,0,1.465,1.57,False,329.7,150.6,0.5,0.607,0.68,0.321,47,0.681,0.546,4,2.007,0.088,2
hist_silverstone_like,HARVEST,0,0.561,9.69,False,308.5,123.1,0.5,0.84,0.738,0.136,20,3.367,0.0,2,0.43,0.26,-1
hist_silverstone_like,FULL_DEPLOY,1,0.398,28.11,True,343.0,106.8,0.5,0.865,0.825,0.198,35,2.423,0.0,2,0.737,0.394,2
hist_silverstone_like,FULL_DEPLOY,1,0.817,9.39,True,238.6,116.2,0.5,0.78,0.867,0.252,2,2.725,0.0,5,0.505,0.017,2
hist_silverstone_like,PARTIAL_DEPLOY,1,0.73,29.04,True,446.3,151.9,0.5,0.565,0.809,0.073,55,1.091,0.273,1,2.766,-0.062,1
hist_silverstone_like,PARTIAL_DEPLOY,1,1.216,25.92,True,666.8,155.6,0.5,0.873,0.863,0.086,46,2.14,0.0,4,1.506,0.074,1
hist_silverstone_like,HOLD,0,0.558,-1.8,False,339.4,148.0,0.5,0.95,0.518,0.213,3,2.559,0.0,0,2.771,0.005,0
hist_silverstone_like,PARTIAL_DEPLOY,0,1.984,-1.66,False,305.0,167.3,0.5,0.862,0.824,0.26,1,0.136,0.909,1,0.784,0.36,1
hist_silverstone_like,PARTIAL_DEPLOY,0,1.579,-1.08,True,140.8,112.0,0.5,0.701,0.713,0.331,17,2.579,0.0,6,2.941,-0.261,1
hist_silverstone_like,HARVEST,0,1.776,18.8,True,584.6,144.9,0.5,0.688,0.899,0.081,39,0.341,0.773,0,2.638,-0.168,-1
hist_silverstone_like,PARTIAL_DEPLOY,1,0.529,8.9,True,524.8,158.1,0.5,0.713,0.577,0.339,14,2.162,0.0,4,0.614,-0.226,1
hist_silverstone_like,HARVEST,0,0.275,27.68,False,540.1,167.2,0.5,0.668,0.734,0.213,48,0.246,0.836,2,1.965,0.032,-1
hist_silverstone_like,FULL_DEPLOY,0,0.914,28.82,False,353.1,157.2,0.5,0.721,0.881,0.426,13,3.074,0.0,0,1.657,-0.011,2
hist_silverstone_like,HARVEST,0,1.655,21.7,True,562.9,151.6,0.5,0.579,0.923,0.135,12,2.71,0.0,2,2.713,-0.228,-1
hist_silverstone_like,HOLD,0,0.929,-1.19,False,166.5,148.0,0.5,0.607,0.595,0.26,17,1.087,0.275,0,0.524,0.031,0
hist_silverstone_like,FULL_DEPLOY,1,1.582,6.99,True,599.9,167.7,0.5,0.915,0.831,0.261,27,0.257,0.829,1,2.006,-0.077,2
hist_silverstone_like,PARTIAL_DEPLOY,1,0.958,19.29,False,557.4,140.8,0.5,0.833,0.861,0.164,12,3.279,0.0,5,2.987,0.056,1
hist_silverstone_like,FULL_DEPLOY,0,1.557,15.05,True,409.9,160.2,0.5,0.669,0.749,0.292,39,2.636,0.0,5,2.099,0.219,2
hist_silverstone_like,PARTIAL_DEPLOY,1,0.376,22.42,False,293.0,103.2,0.5,0.776,0.632,0.359,20,2.036,0.0,6,2.93,-0.196,1
hist_silverstone_like,HOLD,0,1.694,23.25,True,507.5,160.2,0.5,0.861,0.693,0.276,4,1.487,0.009,5,0.264,-0.108,0
hist_silverstone_like,FULL_DEPLOY,0,1.551,29.03,True,186.9,117.9,0.5,0.927,0.826,0.258,15,1.208,0.195,5,1.887,0.119,2
hist_silverstone_like,HOLD,0,1.349,14.64,True,505.6,163.7,0.5,0.664,0.501,0.188,27,3.117,0.0,0,2.948,0.211,0
hist_silverstone_like,HARVEST,1,1.144,24.71,True,300.9,150.9,0.5,0.724,0.62,0.363,25,2.048,0.0,2,1.339,-0.102,-1
hist_silverstone_like,FULL_DEPLOY,0,1.637,-1.56,False,544.6,169.4,0.5,0.857,0.863,0.175,22,3.434,0.0,6,0.537,0.192,2
hist_silverstone_like,HOLD,0,0.557,22.87,True,210.0,93.7,0.5,0.562,0.932,0.241,15,0.103,0.931,5,2.586,-0.016,0
hist_silverstone_like,HARVEST,0,1.997,-0.91,False,479.9,124.8,0.5,0.631,0.537,0.127,40,1.238,0.175,6,2.592,0.071,-1
hist_silverstone_like,PARTIAL_DEPLOY,1,0.252,17.05,True,416.1,126.7,0.5,0.621,0.783,0.128,38,3.328,0.0,5,1.351,-0.067,1
hist_silverstone_like,PARTIAL_DEPLOY,1,0.613,26.35,True,610.5,143.9,0.5,0.706,0.526,0.427,9,2.568,0.0,6,2.616,-0.128,1
hist_silverstone_like,HARVEST,0,1.517,12.22,False,274.2,94.3,0.5,0.614,0.815,0.291,50,2.744,0.0,0,1.312,0.032,-1
hist_silverstone_like,HOLD,1,0.477,10.89,True,392.2,101.9,0.5,0.923,0.661,0.422,13,1.272,0.152,3,0.504,-0.078,0
hist_silverstone_like,HOLD,0,1.388,-2.25,True,343.2,128.0,0.5,0.88,0.941,0.177,30,1.786,0.0,4,2.934,0.096,0
hist_silverstone_like,PARTIAL_DEPLOY,1,0.683,15.74,False,488.5,105.2,0.5,0.782,0.522,0.396,19,1.835,0.0,6,0.465,-0.103,1
hist_silverstone_like,HOLD,0,1.396,24.12,True,84.1,171.5,0.5,0.846,0.725,0.255,12,0.356,0.763,6,0.652,-0.098,0
hist_silverstone_like,HOLD,0,0.294,1.77,True,515.6,177.6,0.5,0.619,0.746,0.344,32,2.767,0.0,5,1.898,0.021,0
hist_silverstone_like,HOLD,0,1.766,24.68,True,365.2,92.6,0.5,0.642,0.838,0.434,2,1.776,0.0,5,1.848,-0.159,0
hist_silverstone_like,HARVEST,1,0.962,19.5,True,264.2,174.4,0.5,0.644,0.682,0.362,10,3.024,0.0,0,1.222,0.249,-1
hist_silverstone_like,HOLD,0,0.443,17.02,True,672.2,151.1,0.5,0.814,0.507,0.184,29,3.286,0.0,5,0.942,0.524,0
hist_silverstone_like,HOLD,1,0.238,14.97,True,317.1,125.8,0.5,0.733,0.767,0.066,38,1.916,0.0,5,0.952,-0.248,0
hist_silverstone_like,HARVEST,0,1.911,-0.56,False,579.0,175.6,0.5,0.827,0.603,0.387,28,3.415,0.0,4,2.207,-0.288,-1
hist_silverstone_like,PARTIAL_DEPLOY,0,1.777,6.82,False,815.5,136.1,0.5,0.802,0.791,0.163,29,2.229,0.0,4,1.482,0.163,1
hist_silverstone_like,FULL_DEPLOY,1,0.274,27.33,True,262.8,133.0,0.5,0.766,0.937,0.125,40,1.637,0.0,3,2.385,-0.059,2
hist_silverstone_like,FULL_DEPLOY,1,1.04,13.63,True,407.7,103.5,0.5,0.799,0.912,0.252,46,2.975,0.0,6,2.535,-0.112,2
hist_silverstone_like,HARVEST,0,1.602,13.62,False,635.5,151.4,0.5,0.867,0.666,0.328,2,2.356,0.0,6,1.209,0.001,-1
hist_silverstone_like,FULL_DEPLOY,1,1.181,-3.93,True,414.9,115.2,0.5,0.767,0.85,0.187,24,1.012,0.325,1,2.816,-0.21,2
hist_silverstone_like,PARTIAL_DEPLOY,0,1.67,16.4,True,427.8,151.5,0.5,0.846,0.881,0.366,54,3.046,0.0,6,2.834,0.492,1
hist_silverstone_like,HARVEST,0,0.746,0.75,True,327.6,151.2,0.5,0.681,0.74,0.185,31,0.705,0.53,2,1.289,0.12,-1
hist_silverstone_like,HOLD,0,1.75,2.78,True,448.5,110.1,0.5,0.947,0.727,0.274,26,1.355,0.097,0,2.865,-0.188,0
hist_silverstone_like,PARTIAL_DEPLOY,0,0.13,6.22,True,427.6,151.2,0.5,0.88,0.601,0.128,41,2.219,0.0,5,2.703,0.035,1
hist_silverstone_like,FULL_DEPLOY,1,1.238,0.77,True,487.3,111.2,0.5,0.867,0.539,0.196,26,1.146,0.236,2,1.022,-0.156,2
hist_silverstone_like,HOLD,0,1.485,7.81,False,595.9,163.6,0.5,0.74,0.881,0.26,16,2.816,0.0,3,2.584,0.486,0
hist_silverstone_like,HOLD,1,1.425,17.52,True,673.2,93.2,0.5,0.692,0.705,0.296,8,2.467,0.0,4,1.524,-0.109,0
hist_silverstone_like,FULL_DEPLOY,1,0.113,7.63,True,509.9,136.3,0.5,0.773,0.845,0.211,9,3.28,0.0,4,2.465,0.077,2
hist_silverstone_like,PARTIAL_DEPLOY,0,1.742,15.42,True,425.0,115.2,0.5,0.895,0.562,0.332,33,1.247,0.169,5,2.701,-0.249,1
hist_silverstone_like,FULL_DEPLOY,1,1.933,22.88,True,628.5,154.1,0.5,0.795,0.58,0.102,40,3.196,0.0,0,2.475,-0.162,2
hist_silverstone_like,HARVEST,0,1.777,-3.5,False,344.6,148.3,0.5,0.643,0.931,0.102,53,3.102,0.0,6,0.524,0.104,-1
hist_silverstone_like,PARTIAL_DEPLOY,0,0.746,-3.82,True,536.4,147.0,0.5,0.772,0.582,0.09,20,1.067,0.289,4,1.669,-0.197,1
hist_silverstone_like,FULL_DEPLOY,1,0.374,28.71,False,565.0,170.9,0.5,0.866,0.824,0.167,27,0.609,0.594,0,0.563,-0.081,2
hist_silverstone_like,PARTIAL_DEPLOY,0,0.647,28.24,True,62.5,109.7,0.5,0.875,0.818,0.373,7,2.606,0.0,1,2.542,0.192,1
hist_silverstone_like,HARVEST,0,1.291,16.84,True,397.1,136.8,0.5,0.716,0.72,0.132,36,1.675,0.0,0,1.691,-0.415,-1
hist_silverstone_like,FULL_DEPLOY,1,0.436,1.32,True,268.3,131.8,0.5,0.654,0.938,0.275,18,1.745,0.0,3,0.633,-0.046,2
hist_silverstone_like,HARVEST,0,1.071,22.14,False,111.9,139.8,0.5,0.842,0.677,0.27,12,2.542,0.0,0,2.007,0.123,-1
hist_silverstone_like,FULL_DEPLOY,0,1.596,20.49,False,568.0,149.0,0.5,0.937,0.931,0.42,21,0.718,0.521,1,1.815,-0.252,2
hist_silverstone_like,HOLD,0,1.915,20.65,False,310.5,147.6,0.5,0.645,0.748,0.145,11,1.205,0.197,2,2.167,-0.222,0
hist_silverstone_like,HOLD,1,0.708,27.89,True,616.8,101.0,0.5,0.84,0.708,0.347,32,0.844,0.437,6,1.301,0.001,0
hist_silverstone_like,PARTIAL_DEPLOY,0,1.197,28.36,True,403.9,170.4,0.5,0.791,0.882,0.283,1,0.735,0.51,1,1.432,-0.097,1
hist_silverstone_like,FULL_DEPLOY,0,1.544,26.87,False,534.5,109.3,0.5,0.833,0.868,0.105,36,3.316,0.0,4,0.88,0.216,2
hist_silverstone_like,HARVEST,0,0.356,7.75,False,412.5,107.0,0.5,0.565,0.52,0.354,32,2.162,0.0,5,2.678,-0.066,-1
hist_silverstone_like,PARTIAL_DEPLOY,0,1.399,19.27,False,399.2,169.1,0.5,0.817,0.661,0.145,35,1.441,0.039,0,2.436,0.312,1
hist_silverstone_like,HARVEST,0,0.484,4.73,True,610.9,163.3,0.5,0.892,0.758,0.094,5,1.279,0.147,6,0.656,-0.135,-1
hist_silverstone_like,HARVEST,1,0.143,0.22,False,654.5,160.1,0.5,0.842,0.764,0.189,2,0.414,0.724,1,1.538,-0.185,-1
hist_suzuka_like,HOLD,0,1.832,15.18,False,498.4,135.0,0.62,0.793,0.552,0.209,41,0.613,0.591,1,0.524,0.151,0
hist_suzuka_like,FULL_DEPLOY,1,0.879,21.34,True,551.6,100.4,0.62,0.859,0.803,0.096,25,1.469,0.021,1,2.757,0.268,2
hist_suzuka_like,HOLD,0,1.474,18.16,False,321.8,107.8,0.62,0.799,0.828,0.065,37,0.754,0.497,3,1.144,-0.463,0
hist_suzuka_like,PARTIAL_DEPLOY,0,1.576,-1.37,False,250.4,115.4,0.62,0.59,0.628,0.366,44,1.442,0.039,4,0.594,-0.014,1
hist_suzuka_like,HOLD,1,0.385,5.03,True,407.5,153.1,0.62,0.697,0.935,0.339,54,2.789,0.0,6,2.278,-0.226,0
hist_suzuka_like,PARTIAL_DEPLOY,0,0.344,19.31,True,75.4,91.5,0.62,0.589,0.936,0.097,18,0.749,0.501,2,1.739,-0.192,1
hist_suzuka_like,HOLD,0,0.503,-4.05,False,498.7,92.3,0.62,0.946,0.919,0.219,24,2.188,0.0,3,0.846,-0.225,0
hist_suzuka_like,HARVEST,0,0.942,20.25,True,301.7,128.4,0.62,0.786,0.686,0.102,19,1.906,0.0,0,1.159,-0.028,-1
hist_suzuka_like,HARVEST,1,0.521,19.86,True,300.1,145.5,0.62,0.913,0.682,0.249,50,2.275,0.0,2,1.385,0.103,-1
hist_suzuka_like,PARTIAL_DEPLOY,0,0.807,9.88,True,96.1,112.1,0.62,0.742,0.548,0.385,17,1.67,0.0,0,0.51,-0.322,1
hist_suzuka_like,HARVEST,0,0.174,-4.07,False,350.3,99.0,0.62,0.709,0.844,0.086,11,1.541,0.0,0,1.724,-0.245,-1
hist_suzuka_like,FULL_DEPLOY,1,0.304,15.75,False,271.0,99.7,0.62,0.687,0.527,0.084,33,0.244,0.837,3,0.485,0.298,2
hist_suzuka_like,HARVEST,0,1.645,5.07,False,467.3,108.0,0.62,0.71,0.551,0.129,2,2.021,0.0,1,1.177,-0.067,-1
hist_suzuka_like,FULL_DEPLOY,0,1.233,12.37,True,125.9,140.5,0.62,0.684,0.95,0.371,50,0.781,0.479,3,0.638,0.174,2
hist_suzuka_like,FULL_DEPLOY,0,1.79,10.29,True,267.0,111.6,0.62,0.605,0.884,0.058,4,3.431,0.0,3,1.361,0.058,2
hist_suzuka_like,HARVEST,1,1.535,22.83,True,528.7,143.0,0.62,0.817,0.556,0.151,2,2.647,0.0,2,1.84,-0.459,-1
hist_suzuka_like,PARTIAL_DEPLOY,0,1.191,6.03,False,265.6,105.5,0.62,0.652,0.774,0.065,38,1.112,0.259,6,1.874,-0.168,1
hist_suzuka_like,FULL_DEPLOY,1,1.314,17.68,True,306.4,143.1,0.62,0.824,0.866,0.203,36,2.65,0.0,0,1.35,-0.068,2
hist_suzuka_like,PARTIAL_DEPLOY,0,1.91,11.98,False,303.1,158.6,0.62,0.725,0.595,0.326,33,2.377,0.0,4,1.009,0.377,1
hist_suzuka_like,HARVEST,1,0.227,23.79,True,269.2,169.5,0.62,0.889,0.93,0.106,14,1.689,0.0,4,1.49,0.318,-1
hist_suzuka_like,FULL_DEPLOY,0,0.204,0.54,False,566.5,146.5,0.62,0.588,0.919,0.425,52,0.385,0.743,2,2.116,0.062,2
hist_suzuka_like,FULL_DEPLOY,0,1.812,26.41,True,104.7,130.0,0.62,0.559,0.876,0.251,38,3.38,0.0,5,1.623,0.156,2
hist_suzuka_like,FULL_DEPLOY,1,1.799,5.64,True,308.1,169.2,0.62,0.692,0.731,0.421,37,3.442,0.0,4,1.247,-0.219,2
hist_suzuka_like,HARVEST,1,0.593,-3.36,True,223.2,132.6,0.62,0.587,0.879,0.387,25,2.016,0.0,2,1.868,0.243,-1
hist_suzuka_like,HOLD,0,1.071,12.49,False,288.5,150.3,0.62,0.774,0.727,0.235,49,1.433,0.045,5,2.805,0.119,0
hist_suzuka_like,PARTIAL_DEPLOY,0,0.536,-0.87,False,330.5,98.0,0.62,0.782,0.551,0.221,32,3.159,0.0,5,0.895,-0.299,1
hist_suzuka_like,HOLD,0,0.733,8.21,True,479.6,167.3,0.62,0.813,0.789,0.123,41,0.254,0.831,4,2.793,-0.111,0
hist_suzuka_like,FULL_DEPLOY,0,1.139,20.21,False,183.2,128.6,0.62,0.656,0.73,0.111,29,0.139,0.907,4,1.146,-0.089,2
hist_suzuka_like,HOLD,0,1.668,9.23,True,425.3,141.6,0.62,0.866,0.6,0.264,35,2.469,0.0,1,1.919,0.167,0
hist_suzuka_like,FULL_DEPLOY,0,0.388,29.56,True,244.3,144.2,0.62,0.577,0.51,0.383,6,1.12,0.253,1,2.996,0.323,2
hist_suzuka_like,HOLD,1,0.78,21.44,False,515.3,168.6,0.62,0.836,0.549,0.135,47,1.486,0.009,0,1.157,-0.665,0
hist_suzuka_like,HARVEST,0,0.861,22.29,False,294.7,171.9,0.62,0.694,0.93,0.35,32,0.592,0.605,0,1.926,-0.261,-1
hist_suzuka_like,PARTIAL_DEPLOY,1,0.62,22.57,True,395.1,156.6,0.62,0.909,0.919,0.076,34,0.531,0.646,2,1.865,-0.186,1
hist_suzuka_like,HARVEST,0,1.746,11.16,False,216.2,98.7,0.62,0.582,0.622,0.257,7,2.777,0.0,6,1.114,0.08,-1
hist_suzuka_like,PARTIAL_DEPLOY,0,1.137,16.58,True,338.3,177.8,0.62,0.708,0.778,0.226,33,1.396,0.069,2,2.128,-0.142,1
hist_suzuka_like,PARTIAL_DEPLOY,1,1.627,-3.27,True,200.8,102.1,0.62,0.79,0.581,0.388,50,1.724,0.0,2,0.89,0.378,1
hist_suzuka_like,HARVEST,0,0.234,-2.25,False,562.4,138.4,0.62,0.859,0.863,0.133,21,0.945,0.37,5,2.013,0.143,-1
hist_suzuka_like,HARVEST,0,0.82,-4.73,True,416.0,149.0,0.62,0.779,0.863,0.169,38,0.951,0.366,0,1.021,-0.138,-1
hist_suzuka_like,FULL_DEPLOY,0,0.92,9.37,True,218.0,163.8,0.62,0.923,0.642,0.396,32,2.671,0.0,2,1.705,0.047,2
hist_suzuka_like,PARTIAL_DEPLOY,0,1.933,1.73,True,329.9,144.8,0.62,0.72,0.609,0.363,17,2.816,0.0,3,2.393,0.078,1
hist_suzuka_like,PARTIAL_DEPLOY,1,0.203,8.88,True,215.9,94.8,0.62,0.828,0.804,0.114,12,0.503,0.665,1,1.024,-0.091,1
hist_suzuka_like,FULL_DEPLOY,0,1.419,11.59,True,238.6,158.7,0.62,0.795,0.676,0.091,12,1.055,0.297,0,0.458,0.331,2
hist_suzuka_like,PARTIAL_DEPLOY,1,1.113,13.1,True,535.8,178.1,0.62,0.556,0.714,0.257,26,1.736,0.0,3,2.977,0.124,1
hist_suzuka_like,PARTIAL_DEPLOY,0,0.944,22.5,True,520.0,162.2,0.62,0.728,0.947,0.213,17,2.999,0.0,5,2.474,0.287,1
hist_suzuka_like,HARVEST,0,0.487,3.79,False,402.7,128.7,0.62,0.829,0.828,0.397,35,0.264,0.824,4,1.181,-0.121,-1
hist_suzuka_like,HOLD,0,0.689,-0.68,False,217.2,157.6,0.62,0.751,0.895,0.195,49,3.432,0.0,2,0.332,-0.095,0
hist_suzuka_like,PARTIAL_DEPLOY,0,0.642,11.35,False,498.3,96.9,0.62,0.606,0.587,0.424,29,1.071,0.286,4,1.921,-0.282,1
hist_suzuka_like,HARVEST,0,0.956,26.54,True,50,108.6,0.62,0.816,0.79,0.321,11,1.764,0.0,0,0.737,0.123,-1
hist_suzuka_like,HARVEST,0,1.806,7.38,True,50,96.1,0.62,0.864,0.933,0.381,17,1.218,0.188,5,0.744,-0.096,-1
hist_suzuka_like,PARTIAL_DEPLOY,1,1.466,12.61,True,615.4,146.2,0.62,0.642,0.881,0.402,1,0.222,0.852,6,2.16,-0.062,1
hist_suzuka_like,FULL_DEPLOY,0,0.937,12.68,True,444.0,179.0,0.62,0.662,0.614,0.318,24,0.99,0.34,3,0.35,0.086,2
hist_suzuka_like,HARVEST,0,1.003,16.68,True,245.0,160.6,0.62,0.593,0.789,0.31,52,2.568,0.0,2,0.875,-0.093,-1
hist_suzuka_like,PARTIAL_DEPLOY,0,1.761,20.74,False,156.2,142.8,0.62,0.756,0.57,0.405,45,2.136,0.0,2,2.981,-0.087,1
hist_suzuka_like,FULL_DEPLOY,1,0.299,24.39,False,481.3,112.8,0.62,0.643,0.865,0.395,39,1.938,0.0,3,2.189,0.048,2
hist_suzuka_like,HOLD,0,1.226,0.7,True,236.3,177.8,0.62,0.944,0.797,0.25,26,3.228,0.0,1,2.842,-0.039,0
hist_suzuka_like,HARVEST,0,1.452,14.5,True,125.5,103.1,0.62,0.568,0.553,0.124,12,3.122,0.0,0,0.376,-0.22,-1
hist_suzuka_like,HARVEST,0,1.829,12.78,False,209.2,162.2,0.62,0.742,0.674,0.054,6,2.881,0.0,1,1.243,-0.225,-1
hist_suzuka_like,HOLD,0,1.806,5.13,True,181.5,112.0,0.62,0.927,0.765,0.352,51,1.741,0.0,3,2.393,0.026,0
hist_suzuka_like,PARTIAL_DEPLOY,1,0.688,25.32,False,430.7,93.1,0.62,0.629,0.848,0.057,54,2.655,0.0,1,0.21,-0.307,1
hist_suzuka_like,FULL_DEPLOY,0,0.931,-2.39,True,189.4,152.0,0.62,0.724,0.938,0.317,28,1.013,0.325,0,0.237,-0.268,2
hist_suzuka_like,HARVEST,0,1.447,19.64,False,712.8,90.1,0.62,0.729,0.646,0.21,53,3.236,0.0,4,0.953,-0.208,-1
hist_suzuka_like,PARTIAL_DEPLOY,0,1.569,21.61,True,270.2,139.3,0.62,0.668,0.563,0.264,37,2.02,0.0,3,0.646,-0.274,1
hist_suzuka_like,FULL_DEPLOY,0,1.16,13.2,False,435.5,151.4,0.62,0.806,0.852,0.079,2,1.361,0.093,4,1.401,0.166,2
hist_suzuka_like,FULL_DEPLOY,1,0.144,15.81,True,519.2,174.9,0.62,0.603,0.897,0.356,23,1.645,0.0,5,1.662,-0.378,2
hist_suzuka_like,PARTIAL_DEPLOY,0,1.958,14.37,True,600.2,123.2,0.62,0.606,0.533,0.234,22,1.836,0.0,0,1.49,-0.148,1
hist_suzuka_like,HOLD,0,1.028,8.48,True,362.8,96.7,0.62,0.767,0.859,0.308,10,1.053,0.298,4,2.196,-0.089,0
hist_suzuka_like,HOLD,1,0.368,28.01,True,160.4,163.0,0.62,0.903,0.911,0.156,47,1.346,0.103,1,0.495,-0.114,0
hist_suzuka_like,HARVEST,0,0.706,22.28,True,225.1,166.0,0.62,0.607,0.88,0.197,54,0.1,0.933,4,0.251,-0.007,-1
hist_suzuka_like,PARTIAL_DEPLOY,1,0.879,28.27,True,319.5,166.3,0.62,0.738,0.58,0.115,36,2.177,0.0,5,2.679,0.105,1
hist_suzuka_like,HOLD,0,0.406,4.16,True,351.1,98.1,0.62,0.947,0.533,0.427,35,3.242,0.0,6,2.363,0.074,0
hist_suzuka_like,HARVEST,0,0.274,15.1,False,77.8,169.7,0.62,0.594,0.867,0.084,12,1.553,0.0,5,2.664,-0.246,-1
hist_suzuka_like,FULL_DEPLOY,1,0.201,14.93,True,192.3,93.0,0.62,0.578,0.694,0.176,1,0.116,0.923,3,0.918,-0.181,2
hist_suzuka_like,PARTIAL_DEPLOY,1,1.167,6.45,True,330.8,141.1,0.62,0.737,0.767,0.279,55,1.501,0.0,1,1.866,-0.102,1
hist_suzuka_like,HARVEST,1,1.923,22.76,True,466.8,102.7,0.62,0.74,0.862,0.374,6,0.825,0.45,6,2.231,0.139,-1
hist_suzuka_like,PARTIAL_DEPLOY,0,1.572,18.24,True,277.4,170.3,0.62,0.635,0.897,0.366,24,1.589,0.0,4,2.339,-0.069,1
hist_suzuka_like,FULL_DEPLOY,0,1.107,9.2,True,178.3,139.1,0.62,0.566,0.693,0.128,36,0.845,0.437,5,2.99,0.358,2
hist_suzuka_like,PARTIAL_DEPLOY,1,1.939,6.13,True,535.9,146.8,0.62,0.89,0.683,0.105,4,1.225,0.183,0,1.447,-0.17,1
hist_suzuka_like,PARTIAL_DEPLOY,1,0.953,6.74,True,341.4,176.5,0.62,0.614,0.754,0.342,1,2.12,0.0,4,2.823,0.145,1
hist_suzuka_like,PARTIAL_DEPLOY,0,1.488,18.31,False,352.8,97.5,0.62,0.59,0.851,0.427,7,2.143,0.0,5,0.253,-0.059,1
hist_suzuka_like,FULL_DEPLOY,1,0.203,19.59,True,410.4,92.1,0.62,0.837,0.667,0.144,53,3.228,0.0,2,2.156,0.108,2
hist_suzuka_like,HARVEST,0,1.367,1.38,False,370.1,122.2,0.62,0.935,0.505,0.394,49,2.862,0.0,0,0.421,-0.419,-1
hist_suzuka_like,HOLD,0,1.822,7.15,False,367.0,151.8,0.62,0.785,0.698,0.406,22,0.209,0.861,2,0.323,0.047,0
hist_suzuka_like,HOLD,0,1.705,11.23,False,513.5,143.1,0.62,0.696,0.513,0.142,49,2.919,0.0,0,0.227,-0.132,0
hist_suzuka_like,PARTIAL_DEPLOY,0,1.568,-4.57,False,535.3,142.1,0.62,0.551,0.657,0.425,14,1.557,0.0,4,1.912,0.161,1
hist_suzuka_like,PARTIAL_DEPLOY,0,1.291,26.85,False,435.7,145.4,0.62,0.907,0.932,0.194,49,2.65,0.0,2,2.121,-0.011,1
hist_suzuka_like,HARVEST,1,0.213,28.73,False,338.7,142.0,0.62,0.808,0.679,0.221,53,1.961,0.0,0,1.731,-0.047,-1
hist_suzuka_like,HOLD,0,1.993,12.53,False,522.3,109.6,0.62,0.628,0.882,0.173,45,3.375,0.0,2,2.613,0.298,0
hist_suzuka_like,HOLD,1,0.735,-4.72,True,319.3,121.3,0.62,0.554,0.722,0.444,21,0.967,0.355,3,0.714,0.195,0
hist_suzuka_like,HARVEST,1,1.293,18.15,False,319.2,109.9,0.62,0.682,0.543,0.056,51,0.209,0.861,0,2.001,-0.138,-1
hist_suzuka_like,HOLD,1,0.111,21.75,True,120.6,172.2,0.62,0.754,0.609,0.111,8,0.401,0.733,3,1.443,0.077,0
hist_suzuka_like,PARTIAL_DEPLOY,0,1.92,27.32,True,313.3,140.1,0.62,0.943,0.703,0.393,12,0.398,0.735,4,2.263,-0.665,1
hist_suzuka_like,HOLD,1,1.911,3.41,False,171.5,169.4,0.62,0.869,0.898,0.107,24,1.303,0.131,1,0.418,-0.217,0
hist_suzuka_like,HOLD,0,0.102,10.57,True,250.2,154.2,0.62,0.77,0.581,0.223,11,0.437,0.709,6,1.902,0.099,0
hist_suzuka_like,HARVEST,0,1.092,26.85,False,252.6,151.8,0.62,0.776,0.695,0.359,33,1.584,0.0,4,1.24,-0.078,-1
hist_suzuka_like,PARTIAL_DEPLOY,0,1.181,11.23,False,413.9,124.4,0.62,0.757,0.819,0.35,50,1.255,0.163,1,1.541,0.266,1
hist_suzuka_like,HARVEST,0,1.14,8.14,False,68.6,135.8,0.62,0.783,0.905,0.371,18,1.228,0.181,2,2.625,-0.361,-1
hist_suzuka_like,FULL_DEPLOY,1,0.409,-3.11,False,160.5,146.3,0.62,0.885,0.603,0.315,10,0.301,0.799,0,0.977,-0.164,2
hist_suzuka_like,HOLD,0,1.857,25.11,False,309.7,95.9,0.62,0.94,0.93,0.281,46,0.767,0.489,0,2.085,-0.029,0
hist_suzuka_like,HOLD,0,1.959,4.69,False,473.6,101.8,0.62,0.726,0.662,0.422,45,3.078,0.0,1,1.244,0.315,0
hist_suzuka_like,HARVEST,0,0.894,26.02,True,601.2,125.6,0.62,0.551,0.943,0.073,46,2.796,0.0,1,2.818,-0.206,-1
hist_suzuka_like,HARVEST,0,1.261,2.85,False,212.0,179.2,0.62,0.586,0.807,0.375,48,0.352,0.765,2,1.259,-0.266,-1
hist_suzuka_like,HOLD,1,0.327,22.48,True,112.9,165.8,0.62,0.847,0.87,0.077,25,1.432,0.045,1,1.789,0.043,0
hist_suzuka_like,FULL_DEPLOY,0,0.127,-3.04,True,596.0,127.6,0.62,0.938,0.677,0.432,3,1.403,0.065,5,1.303,-0.349,2
hist_suzuka_like,PARTIAL_DEPLOY,1,0.787,5.61,True,459.8,158.7,0.62,0.652,0.795,0.226,28,1.431,0.046,1,2.118,-0.102,1
hist_suzuka_like,FULL_DEPLOY,0,0.753,5.58,False,348.3,166.2,0.62,0.704,0.695,0.384,6,1.105,0.263,1,0.916,0.113,2
hist_suzuka_like,PARTIAL_DEPLOY,0,1.888,14.42,True,83.6,150.6,0.62,0.591,0.732,0.255,3,1.915,0.0,3,2.858,-0.253,1
hist_suzuka_like,FULL_DEPLOY,1,0.38,3.4,True,327.1,144.1,0.62,0.823,0.619,0.13,22,2.837,0.0,1,2.216,-0.076,2
hist_suzuka_like,HOLD,0,1.789,18.33,True,271.4,111.2,0.62,0.648,0.927,0.43,3,2.85,0.0,1,0.417,-0.052,0
hist_suzuka_like,FULL_DEPLOY,1,0.871,8.09,False,185.0,155.5,0.62,0.916,0.754,0.157,22,2.807,0.0,3,1.843,0.164,2
hist_suzuka_like,PARTIAL_DEPLOY,0,1.899,7.62,True,135.6,123.4,0.62,0.739,0.886,0.207,47,2.122,0.0,4,1.27,0.074,1
hist_suzuka_like,HOLD,1,0.25,7.01,True,50,141.5,0.62,0.92,0.922,0.417,20,1.827,0.0,6,1.157,-0.097,0
hist_suzuka_like,PARTIAL_DEPLOY,0,1.194,8.9,False,98.5,106.4,0.62,0.891,0.608,0.231,18,0.565,0.623,2,2.375,-0.085,1
hist_suzuka_like,HARVEST,0,1.873,5.01,False,508.4,142.5,0.62,0.649,0.904,0.426,53,0.496,0.669,6,1.087,-0.083,-1
hist_suzuka_like,FULL_DEPLOY,1,0.518,21.96,True,522.6,176.5,0.62,0.822,0.508,0.264,44,2.585,0.0,3,2.832,0.196,2
hist_suzuka_like,HARVEST,1,0.251,20.55,True,465.5,118.7,0.62,0.634,0.867,0.313,48,3.147,0.0,3,2.69,-0.128,-1
hist_suzuka_like,FULL_DEPLOY,1,0.192,12.4,False,294.3,104.7,0.62,0.809,0.867,0.06,34,1.497,0.002,2,2.651,0.061,2
hist_suzuka_like,FULL_DEPLOY,1,0.351,10.05,False,217.7,90.3,0.62,0.661,0.528,0.381,49,2.24,0.0,2,2.483,0.073,2
hist_suzuka_like,PARTIAL_DEPLOY,1,0.718,13.17,False,50,93.3,0.62,0.918,0.718,0.323,47,0.535,0.643,2,0.722,-0.377,1
hist_suzuka_like,FULL_DEPLOY,0,0.15,5.54,False,272.7,172.7,0.62,0.855,0.738,0.301,6,1.781,0.0,1,2.744,-0.096,2
hist_suzuka_like,PARTIAL_DEPLOY,0,1.447,13.13,True,394.5,171.6,0.62,0.561,0.79,0.28,41,3.01,0.0,6,0.889,0.134,1
hist_suzuka_like,HOLD,0,1.828,0.19,True,203.8,110.4,0.62,0.796,0.902,0.291,12,0.105,0.93,2,2.588,-0.344,0
hist_suzuka_like,HOLD,0,1.586,2.89,True,50,128.4,0.62,0.753,0.937,0.238,6,3.185,0.0,4,2.933,0.124,0
hist_suzuka_like,HARVEST,0,1.553,23.24,False,313.0,91.3,0.62,0.6,0.678,0.192,55,3.337,0.0,4,0.822,0.053,-1
hist_suzuka_like,HOLD,1,1.442,28.73,True,247.6,161.4,0.62,0.802,0.915,0.355,35,3.022,0.0,6,1.327,0.066,0
hist_suzuka_like,HOLD,0,0.499,28.95,True,268.6,175.7,0.62,0.918,0.729,0.304,49,2.165,0.0,2,2.992,-0.107,0
hist_suzuka_like,HOLD,1,1.463,18.28,False,676.3,167.4,0.62,0.621,0.931,0.212,25,0.722,0.519,4,2.98,-0.101,0
hist_suzuka_like,FULL_DEPLOY,1,0.56,26.4,False,50,96.0,0.62,0.809,0.739,0.159,44,2.796,0.0,2,0.493,0.048,2
hist_suzuka_like,PARTIAL_DEPLOY,0,1.567,17.86,True,472.3,91.2,0.62,0.814,0.599,0.204,26,2.348,0.0,4,2.397,-0.074,1
hist_suzuka_like,FULL_DEPLOY,1,1.348,8.51,True,271.4,122.5,0.62,0.651,0.533,0.12,41,2.343,0.0,2,0.442,0.224,2
hist_suzuka_like,PARTIAL_DEPLOY,0,0.727,4.51,False,283.2,150.3,0.62,0.78,0.669,0.444,38,1.192,0.205,4,1.591,0.024,1
hist_suzuka_like,HOLD,0,0.135,0.91,False,271.2,168.0,0.62,0.748,0.561,0.315,10,1.145,0.237,1,1.8,-0.067,0
hist_suzuka_like,FULL_DEPLOY,1,0.979,14.83,True,141.0,93.3,0.62,0.932,0.714,0.08,28,1.768,0.0,3,0.848,0.172,2
hist_suzuka_like,FULL_DEPLOY,0,1.339,18.62,True,523.7,176.7,0.62,0.764,0.714,0.268,23,0.907,0.395,5,2.821,-0.078,2
hist_suzuka_like,PARTIAL_DEPLOY,1,0.486,16.09,False,217.0,124.4,0.62,0.674,0.514,0.255,47,2.771,0.0,5,1.138,0.012,1
hist_suzuka_like,HARVEST,1,0.769,-4.18,True,342.3,115.5,0.62,0.806,0.86,0.164,1,2.517,0.0,0,0.593,-0.149,-1
hist_suzuka_like,FULL_DEPLOY,0,1.043,5.42,True,266.7,130.5,0.62,0.674,0.923,0.218,13,1.411,0.059,2,1.395,0.154,2
hist_suzuka_like,HARVEST,0,0.873,7.36,False,259.2,156.5,0.62,0.94,0.754,0.297,30,1.601,0.0,0,2.672,0.01,-1
hist_suzuka_like,FULL_DEPLOY,0,0.523,2.21,False,243.6,143.4,0.62,0.838,0.581,0.19,11,1.899,0.0,3,1.358,0.046,2
hist_suzuka_like,PARTIAL_DEPLOY,0,1.267,27.07,False,118.6,120.2,0.62,0.707,0.915,0.216,28,0.943,0.371,2,2.31,-0.095,1
hist_suzuka_like,HOLD,0,0.684,4.01,True,50,170.7,0.62,0.795,0.678,0.421,38,0.932,0.379,4,0.879,-0.109,0
hist_suzuka_like,FULL_DEPLOY,0,0.642,15.12,True,276.4,158.3,0.62,0.885,0.815,0.119,15,0.262,0.825,2,1.601,0.02,2
hist_suzuka_like,HOLD,0,1.978,18.42,True,473.4,159.3,0.62,0.759,0.886,0.158,16,0.636,0.576,0,2.994,0.014,0
hist_suzuka_like,HOLD,1,0.319,11.76,True,150.8,136.7,0.62,0.627,0.784,0.364,24,1.245,0.17,6,1.84,0.38,0
hist_suzuka_like,HARVEST,0,0.673,14.83,False,239.8,124.3,0.62,0.576,0.826,0.139,4,2.898,0.0,1,2.712,0.067,-1
hist_suzuka_like,HOLD,0,1.494,11.15,False,421.1,143.5,0.62,0.626,0.762,0.301,54,1.703,0.0,0,1.755,-0.185,0
hist_suzuka_like,HOLD,0,1.894,4.14,True,415.3,116.9,0.62,0.654,0.647,0.205,6,0.346,0.769,4,1.742,0.129,0
hist_suzuka_like,HOLD,0,1.675,0.51,False,495.0,107.5,0.62,0.733,0.582,0.213,42,0.466,0.689,2,0.85,0.298,0
hist_suzuka_like,FULL_DEPLOY,1,1.585,13.91,True,360.1,139.7,0.62,0.911,0.927,0.176,46,3.15,0.0,4,2.609,-0.194,2
hist_suzuka_like,HARVEST,0,1.329,29.03,True,262.3,106.9,0.62,0.565,0.594,0.177,10,0.876,0.416,6,2.416,0.218,-1
hist_suzuka_like,PARTIAL_DEPLOY,1,0.902,6.84,True,334.6,120.3,0.62,0.899,0.915,0.114,13,0.554,0.631,1,1.946,0.011,1
hist_suzuka_like,FULL_DEPLOY,0,1.19,-1.23,True,331.6,107.8,0.62,0.713,0.698,0.344,8,2.379,0.0,3,2.393,0.003,2
hist_suzuka_like,FULL_DEPLOY,1,0.37,11.74,False,506.7,157.6,0.62,0.676,0.904,0.073,18,2.282,0.0,1,0.357,0.115,2
hist_suzuka_like,PARTIAL_DEPLOY,0,1.651,0.97,True,256.2,161.3,0.62,0.569,0.743,0.233,52,2.077,0.0,5,2.432,0.443,1
hist_suzuka_like,HOLD,0,1.919,18.17,True,286.5,94.7,0.62,0.699,0.698,0.401,27,3.215,0.0,2,2.05,-0.31,0
hist_suzuka_like,FULL_DEPLOY,0,1.32,19.18,True,295.3,160.8,0.62,0.79,0.888,0.42,4,1.413,0.058,5,1.717,0.094,2
hist_suzuka_like,FULL_DEPLOY,0,1.295,6.88,False,222.6,95.8,0.62,0.612,0.769,0.371,38,2.759,0.0,2,1.279,0.008,2
hist_suzuka_like,HOLD,0,1.9,11.99,False,55.0,96.9,0.62,0.625,0.558,0.084,4,0.505,0.663,3,2.905,0.103,0
hist_suzuka_like,FULL_DEPLOY,1,1.634,21.0,True,360.4,172.5,0.62,0.94,0.533,0.392,53,1.748,0.0,5,0.301,-0.098,2
hist_suzuka_like,HARVEST,0,1.217,16.68,True,175.9,156.2,0.62,0.909,0.549,0.091,12,0.583,0.611,3,2.847,0.213,-1
hist_suzuka_like,HOLD,0,0.411,7.63,True,186.3,103.0,0.62,0.7,0.67,0.178,52,0.986,0.343,5,1.271,0.423,0
hist_suzuka_like,HARVEST,0,1.415,23.58,True,268.4,168.9,0.62,0.883,0.637,0.386,32,1.829,0.0,4,2.783,0.164,-1
hist_suzuka_like,HARVEST,0,1.734,16.48,True,312.4,135.7,0.62,0.69,0.775,0.4,13,2.779,0.0,3,1.591,-0.308,-1
hist_suzuka_like,HOLD,1,0.404,25.72,False,198.3,130.7,0.62,0.749,0.644,0.118,23,2.029,0.0,0,1.371,0.081,0
hist_suzuka_like,HOLD,0,0.153,7.91,False,208.6,104.2,0.62,0.787,0.553,0.179,50,1.496,0.003,0,0.625,-0.139,0
hist_suzuka_like,FULL_DEPLOY,1,0.542,3.55,False,382.5,105.5,0.62,0.799,0.633,0.356,12,0.245,0.837,3,0.413,-0.266,2
hist_suzuka_like,PARTIAL_DEPLOY,1,0.284,2.17,True,120.7,148.9,0.62,0.854,0.518,0.159,35,2.996,0.0,1,2.172,0.204,1
hist_suzuka_like,HOLD,1,0.279,24.01,False,212.7,149.6,0.62,0.903,0.82,0.265,28,1.948,0.0,4,1.599,0.121,0
hist_suzuka_like,HARVEST,0,1.109,4.18,True,484.3,125.1,0.62,0.946,0.838,0.385,44,0.103,0.931,6,1.287,-0.214,-1
hist_suzuka_like,FULL_DEPLOY,0,1.313,11.82,False,50,176.4,0.62,0.805,0.627,0.398,48,1.157,0.229,5,0.533,-0.045,2
hist_suzuka_like,HOLD,0,0.312,-0.07,False,331.2,162.8,0.62,0.622,0.587,0.057,45,0.317,0.789,2,0.657,-0.003,0
hist_suzuka_like,PARTIAL_DEPLOY,0,1.492,27.82,False,50,167.9,0.62,0.586,0.888,0.229,53,2.685,0.0,4,1.906,-0.166,1
hist_suzuka_like,HARVEST,0,1.338,12.98,True,282.4,156.2,0.62,0.558,0.599,0.223,27,0.171,0.886,5,2.286,-0.019,-1
hist_suzuka_like,HOLD,0,1.521,13.87,True,58.0,90.3,0.62,0.803,0.647,0.122,16,3.113,0.0,1,1.74,0.247,0
hist_suzuka_like,FULL_DEPLOY,0,1.701,16.56,False,301.7,140.8,0.62,0.795,0.527,0.209,45,1.569,0.0,6,1.481,-0.138,2
hist_suzuka_like,HOLD,0,1.776,12.56,False,155.8,108.3,0.62,0.876,0.683,0.349,33,1.243,0.171,0,2.673,-0.367,0
hist_suzuka_like,FULL_DEPLOY,1,0.436,10.92,True,224.6,139.7,0.62,0.936,0.549,0.439,13,0.627,0.582,4,2.415,0.043,2
hist_suzuka_like,HARVEST,0,1.379,24.72,False,352.5,131.5,0.62,0.79,0.885,0.261,21,2.508,0.0,6,2.262,0.421,-1
hist_suzuka_like,FULL_DEPLOY,0,0.833,17.77,True,154.3,146.6,0.62,0.698,0.762,0.053,35,1.877,0.0,6,2.032,-0.035,2
hist_suzuka_like,FULL_DEPLOY,1,1.253,28.48,True,501.3,121.7,0.62,0.787,0.761,0.263,16,1.939,0.0,2,1.18,-0.151,2
hist_suzuka_like,HOLD,0,1.433,8.19,False,303.9,164.0,0.62,0.764,0.844,0.295,23,2.054,0.0,0,0.587,-0.163,0
hist_suzuka_like,HOLD,0,0.753,2.82,True,104.1,158.8,0.62,0.845,0.899,0.282,39,0.176,0.883,2,1.957,0.113,0
hist_suzuka_like,PARTIAL_DEPLOY,0,0.22,10.33,False,462.4,133.6,0.62,0.775,0.749,0.288,20,2.432,0.0,3,0.914,-0.166,1
hist_suzuka_like,FULL_DEPLOY,1,0.624,28.38,True,161.9,117.2,0.62,0.714,0.609,0.386,34,3.309,0.0,2,0.778,-0.149,2
hist_suzuka_like,FULL_DEPLOY,0,0.657,15.45,True,115.0,116.1,0.62,0.554,0.772,0.315,33,2.841,0.0,0,1.115,0.181,2
hist_suzuka_like,HOLD,0,0.857,28.64,True,145.9,171.2,0.62,0.557,0.745,0.158,54,0.959,0.361,4,0.492,0.149,0
hist_suzuka_like,HOLD,0,1.762,23.16,True,488.2,117.5,0.62,0.876,0.748,0.298,48,1.711,0.0,6,2.593,0.254,0
hist_suzuka_like,HOLD,1,0.128,27.39,True,283.5,90.1,0.62,0.568,0.655,0.206,44,1.471,0.019,4,2.688,0.023,0
hist_suzuka_like,PARTIAL_DEPLOY,0,0.836,-1.6,True,161.6,140.9,0.62,0.88,0.94,0.316,19,1.569,0.0,4,0.345,0.031,1
hist_suzuka_like,HARVEST,0,1.109,0.67,False,312.5,146.8,0.62,0.632,0.668,0.325,4,0.885,0.41,2,1.048,-0.048,-1
hist_suzuka_like,HARVEST,0,0.847,4.6,True,284.5,128.0,0.62,0.911,0.68,0.417,11,1.123,0.251,0,1.258,0.024,-1
hist_suzuka_like,PARTIAL_DEPLOY,0,1.261,10.27,True,236.9,106.0,0.62,0.926,0.581,0.294,22,0.902,0.399,5,2.013,0.193,1
hist_suzuka_like,PARTIAL_DEPLOY,1,1.013,8.61,True,555.8,151.6,0.62,0.68,0.769,0.29,21,0.68,0.547,6,2.507,0.016,1
hist_suzuka_like,HARVEST,0,1.942,5.06,False,318.0,164.6,0.62,0.91,0.525,0.346,26,0.534,0.644,1,2.85,0.118,-1
hist_suzuka_like,FULL_DEPLOY,1,0.55,22.26,True,276.2,177.3,0.62,0.748,0.692,0.158,42,1.955,0.0,1,1.929,-0.297,2
hist_suzuka_like,PARTIAL_DEPLOY,1,0.425,15.46,True,242.1,154.2,0.62,0.675,0.683,0.441,21,1.763,0.0,4,0.435,-0.167,1
hist_suzuka_like,HARVEST,0,0.79,15.98,True,355.1,130.9,0.62,0.658,0.604,0.196,14,1.313,0.125,1,1.033,0.228,-1
hist_suzuka_like,PARTIAL_DEPLOY,1,0.313,22.63,True,221.4,162.5,0.62,0.778,0.59,0.166,39,0.791,0.473,2,0.848,0.133,1
hist_suzuka_like,HOLD,0,0.9,25.58,True,297.5,108.1,0.62,0.88,0.735,0.29,12,1.552,0.0,0,1.636,-0.42,0
hist_suzuka_like,HARVEST,0,0.77,1.09,True,340.7,139.9,0.62,0.624,0.808,0.175,8,1.614,0.0,2,1.344,0.155,-1
hist_suzuka_like,HOLD,0,1.017,23.2,True,209.6,99.1,0.62,0.776,0.548,0.22,31,0.739,0.507,2,2.634,-0.326,0
hist_suzuka_like,FULL_DEPLOY,1,1.874,15.74,True,702.3,110.2,0.62,0.875,0.561,0.292,17,3.121,0.0,5,2.423,-0.244,2
hist_suzuka_like,HARVEST,0,1.41,-1.07,True,625.3,139.9,0.62,0.742,0.76,0.263,15,2.931,0.0,5,2.185,0.161,-1
hist_suzuka_like,FULL_DEPLOY,0,1.361,5.17,True,212.8,156.3,0.62,0.756,0.733,0.298,54,2.378,0.0,5,1.482,-0.161,2
hist_suzuka_like,PARTIAL_DEPLOY,0,1.665,26.14,True,366.6,153.9,0.62,0.689,0.734,0.428,48,0.478,0.681,4,0.344,0.134,1
hist_suzuka_like,HARVEST,0,1.658,5.47,True,90.4,130.7,0.62,0.583,0.506,0.181,38,1.899,0.0,2,2.791,-0.335,-1
hist_suzuka_like,HOLD,0,0.908,21.62,True,54.2,179.5,0.62,0.943,0.547,0.123,14,2.27,0.0,1,1.679,-0.116,0
hist_suzuka_like,HARVEST,0,1.198,16.34,False,330.9,175.1,0.62,0.685,0.505,0.378,48,2.803,0.0,5,2.767,-0.07,-1
hist_suzuka_like,HOLD,0,1.683,10.59,False,249.4,123.3,0.62,0.609,0.888,0.42,38,0.806,0.463,6,2.41,0.318,0
hist_suzuka_like,HARVEST,0,1.534,11.26,False,326.3,107.6,0.62,0.819,0.509,0.348,8,2.057,0.0,6,1.837,-0.295,-1
hist_suzuka_like,FULL_DEPLOY,1,0.684,17.62,True,324.8,100.9,0.62,0.839,0.519,0.074,34,1.216,0.189,4,2.433,0.196,2
hist_suzuka_like,PARTIAL_DEPLOY,1,0.216,-0.25,True,152.8,171.5,0.62,0.923,0.858,0.262,14,1.389,0.074,3,0.592,0.049,1
hist_suzuka_like,FULL_DEPLOY,0,1.18,2.31,True,338.7,145.7,0.62,0.832,0.782,0.268,49,2.961,0.0,3,0.453,-0.112,2
hist_suzuka_like,HARVEST,0,1.336,25.13,False,311.5,106.7,0.62,0.689,0.895,0.091,19,0.937,0.375,5,1.918,0.231,-1
hist_suzuka_like,FULL_DEPLOY,0,1.024,10.99,False,58.2,139.0,0.62,0.719,0.845,0.201,1,1.267,0.155,1,1.026,-0.193,2
hist_suzuka_like,HARVEST,1,1.652,18.9,True,464.3,152.7,0.62,0.934,0.645,0.407,22,1.92,0.0,6,1.977,-0.174,-1
hist_suzuka_like,PARTIAL_DEPLOY,0,1.93,-3.69,False,568.0,139.2,0.62,0.604,0.941,0.053,10,1.754,0.0,1,1.382,0.218,1
hist_suzuka_like,PARTIAL_DEPLOY,0,1.385,10.87,True,123.4,161.5,0.62,0.921,0.759,0.28,3,1.523,0.0,3,0.928,-0.128,1
hist_suzuka_like,HARVEST,0,1.182,1.06,True,50,167.2,0.62,0.925,0.729,0.356,21,2.665,0.0,2,0.513,-0.101,-1
hist_suzuka_like,FULL_DEPLOY,0,0.358,12.18,True,323.8,177.1,0.62,0.872,0.932,0.444,51,0.459,0.694,3,2.55,-0.027,2
hist_suzuka_like,HARVEST,1,0.486,28.15,False,65.9,158.4,0.62,0.91,0.728,0.132,31,1.607,0.0,5,1.206,-0.324,-1
hist_suzuka_like,PARTIAL_DEPLOY,1,1.546,10.73,False,497.8,144.5,0.62,0.799,0.551,0.431,13,1.843,0.0,5,2.645,0.178,1
hist_suzuka_like,HOLD,0,0.762,22.56,False,281.6,173.1,0.62,0.577,0.881,0.395,15,3.141,0.0,4,0.298,-0.126,0
hist_suzuka_like,PARTIAL_DEPLOY,0,1.54,-2.68,True,215.7,165.5,0.62,0.659,0.754,0.114,24,3.493,0.0,1,2.553,-0.284,1
hist_suzuka_like,PARTIAL_DEPLOY,1,0.288,17.2,True,258.8,157.6,0.62,0.768,0.71,0.285,48,1.997,0.0,1,2.284,0.398,1
hist_suzuka_like,HOLD,1,0.448,8.06,False,445.5,106.7,0.62,0.556,0.875,0.328,44,0.828,0.448,3,0.479,-0.298,0
hist_suzuka_like,PARTIAL_DEPLOY,0,0.827,10.11,False,256.2,109.4,0.62,0.74,0.567,0.21,45,2.32,0.0,0,2.816,0.031,1
hist_suzuka_like,HOLD,0,0.843,23.09,False,428.3,126.8,0.62,0.767,0.514,0.186,31,2.157,0.0,0,0.368,0.081,0
hist_suzuka_like,HARVEST,0,0.149,11.15,False,302.6,98.1,0.62,0.851,0.516,0.231,11,0.418,0.721,1,1.714,-0.042,-1
hist_suzuka_like,HARVEST,0,1.345,12.35,True,576.0,118.5,0.62,0.919,0.848,0.347,51,0.48,0.68,3,0.511,0.058,-1
hist_suzuka_like,FULL_DEPLOY,1,1.685,10.92,True,536.3,126.6,0.62,0.943,0.565,0.14,20,1.097,0.269,6,2.806,0.128,2
hist_suzuka_like,FULL_DEPLOY,1,0.129,6.98,True,85.6,102.8,0.62,0.843,0.921,0.342,38,1.023,0.318,5,2.505,-0.176,2
hist_suzuka_like,HARVEST,0,0.496,1.39,False,137.5,121.8,0.62,0.588,0.915,0.238,6,2.315,0.0,4,2.491,-0.008,-1
hist_suzuka_like,HOLD,0,0.614,7.07,False,179.7,124.4,0.62,0.603,0.548,0.317,21,3.347,0.0,4,1.828,-0.094,0
hist_suzuka_like,FULL_DEPLOY,0,1.987,19.61,False,223.0,162.2,0.62,0.904,0.615,0.272,51,3.088,0.0,4,2.089,0.156,2
hist_suzuka_like,HARVEST,0,1.05,4.42,True,546.7,129.4,0.62,0.813,0.939,0.441,8,2.044,0.0,3,1.016,0.049,-1
hist_suzuka_like,HARVEST,0,0.196,14.99,False,234.7,137.6,0.62,0.88,0.902,0.44,26,2.167,0.0,5,1.951,0.176,-1
hist_suzuka_like,PARTIAL_DEPLOY,1,1.127,12.85,True,339.8,104.2,0.62,0.64,0.934,0.214,18,1.568,0.0,1,2.2,-0.019,1
hist_suzuka_like,FULL_DEPLOY,0,1.404,20.99,False,303.4,122.3,0.62,0.682,0.895,0.355,1,0.307,0.795,0,1.736,-0.254,2
hist_suzuka_like,FULL_DEPLOY,0,0.962,15.78,False,482.0,159.1,0.62,0.777,0.54,0.151,26,2.814,0.0,0,1.823,0.005,2
hist_suzuka_like,HOLD,0,1.659,-0.14,True,248.0,174.0,0.62,0.847,0.762,0.263,50,2.062,0.0,3,2.272,-0.146,0
hist_suzuka_like,PARTIAL_DEPLOY,0,0.67,29.61,False,581.8,139.3,0.62,0.742,0.616,0.148,4,0.178,0.881,4,2.485,-0.141,1
hist_suzuka_like,HOLD,0,0.926,26.16,False,268.9,112.0,0.62,0.728,0.918,0.259,6,1.182,0.212,5,1.892,-0.188,0
hist_suzuka_like,HOLD,0,1.543,28.7,True,395.7,113.4,0.62,0.889,0.505,0.195,21,2.693,0.0,2,1.356,-0.022,0
hist_suzuka_like,PARTIAL_DEPLOY,0,0.638,26.17,True,324.7,126.4,0.62,0.727,0.822,0.088,36,0.569,0.621,5,2.219,0.115,1
hist_suzuka_like,HARVEST,0,1.409,0.33,True,328.1,173.0,0.62,0.666,0.501,0.434,26,0.579,0.614,4,1.171,0.214,-1
hist_suzuka_like,HOLD,0,0.988,22.64,True,185.6,177.4,0.62,0.715,0.572,0.422,23,3.486,0.0,0,0.224,0.237,0
hist_suzuka_like,HOLD,0,1.148,6.62,True,162.7,146.6,0.62,0.865,0.939,0.188,2,1.075,0.283,6,2.698,-0.435,0
hist_suzuka_like,HOLD,0,0.516,4.26,True,325.1,94.8,0.62,0.601,0.609,0.107,6,0.201,0.866,5,2.661,0.112,0
hist_suzuka_like,FULL_DEPLOY,1,0.23,-1.87,True,599.5,154.4,0.62,0.555,0.831,0.224,21,0.863,0.425,6,2.361,-0.273,2
hist_suzuka_like,FULL_DEPLOY,0,1.478,28.97,True,50,106.0,0.62,0.608,0.698,0.445,55,2.256,0.0,3,2.511,0.276,2
hist_suzuka_like,HARVEST,1,0.795,20.17,False,684.6,117.8,0.62,0.888,0.617,0.19,27,0.382,0.745,3,1.697,-0.055,-1
hist_suzuka_like,HOLD,0,1.669,18.39,True,412.2,130.8,0.62,0.552,0.676,0.217,52,1.417,0.055,2,2.809,0.102,0
hist_suzuka_like,PARTIAL_DEPLOY,0,1.969,28.47,False,50,166.7,0.62,0.727,0.885,0.158,40,1.098,0.268,3,2.524,0.25,1
hist_suzuka_like,PARTIAL_DEPLOY,0,0.129,9.45,False,132.0,162.6,0.62,0.671,0.755,0.447,10,0.527,0.649,2,2.619,0.065,1
hist_suzuka_like,FULL_DEPLOY,0,1.77,21.39,True,381.1,120.3,0.62,0.805,0.88,0.292,49,1.311,0.126,2,0.919,-0.037,2
hist_suzuka_like,PARTIAL_DEPLOY,0,1.622,17.5,True,272.8,101.1,0.62,0.818,0.776,0.36,35,1.971,0.0,4,0.611,0.002,1
hist_suzuka_like,PARTIAL_DEPLOY,1,0.528,18.7,False,50,162.6,0.62,0.84,0.738,0.161,52,1.527,0.0,0,2.981,-0.001,1
hist_suzuka_like,HARVEST,0,1.651,29.75,True,468.9,104.5,0.62,0.901,0.64,0.313,18,0.38,0.747,5,0.722,0.066,-1
hist_suzuka_like,PARTIAL_DEPLOY,0,1.261,28.29,True,349.7,102.8,0.62,0.835,0.789,0.252,4,3.457,0.0,1,0.657,-0.132,1
hist_suzuka_like,HARVEST,0,0.252,23.27,True,299.7,91.2,0.62,0.669,0.922,0.375,16,0.464,0.691,5,1.59,0.302,-1
hist_singapore_like,FULL_DEPLOY,0,0.187,21.22,False,235.0,104.0,0.8,0.945,0.66,0.336,49,3.468,0.0,5,1.621,-0.415,2
hist_singapore_like,FULL_DEPLOY,0,1.661,6.5,True,345.8,90.8,0.8,0.598,0.593,0.225,15,1.248,0.168,1,2.177,0.448,2
hist_singapore_like,FULL_DEPLOY,0,1.093,-4.88,True,50,154.4,0.8,0.737,0.925,0.092,2,1.979,0.0,4,0.511,0.068,2
hist_singapore_like,HOLD,0,1.386,25.77,False,50,178.9,0.8,0.651,0.721,0.098,13,1.75,0.0,6,0.835,-0.197,0
hist_singapore_like,HARVEST,1,0.446,5.04,True,187.8,160.6,0.8,0.736,0.937,0.063,11,2.315,0.0,5,2.631,-0.249,-1
hist_singapore_like,FULL_DEPLOY,1,1.932,0.68,False,460.8,125.2,0.8,0.565,0.947,0.291,49,1.4,0.067,2,2.571,-0.018,2
hist_singapore_like,FULL_DEPLOY,0,1.396,7.48,True,178.6,166.5,0.8,0.916,0.664,0.349,10,0.404,0.731,0,2.26,-0.14,2
hist_singapore_like,FULL_DEPLOY,0,0.238,11.81,True,50,107.8,0.8,0.569,0.923,0.375,34,2.707,0.0,6,0.638,0.181,2
hist_singapore_like,HOLD,0,1.198,5.1,False,114.2,90.9,0.8,0.915,0.832,0.29,52,0.354,0.764,0,1.086,-0.003,0
hist_singapore_like,HARVEST,0,0.816,20.19,False,303.9,154.3,0.8,0.946,0.814,0.212,51,0.933,0.378,5,2.63,-0.135,-1
hist_singapore_like,HARVEST,0,0.278,6.4,False,308.1,134.9,0.8,0.654,0.947,0.246,53,2.849,0.0,6,1.389,-0.11,-1
hist_singapore_like,PARTIAL_DEPLOY,0,0.71,21.77,False,186.6,102.3,0.8,0.858,0.908,0.413,22,2.844,0.0,1,0.856,-0.179,1
hist_singapore_like,PARTIAL_DEPLOY,0,0.788,0.42,False,57.3,163.1,0.8,0.735,0.602,0.203,10,1.105,0.263,2,1.418,-0.261,1
hist_singapore_like,FULL_DEPLOY,0,1.569,11.4,True,50,95.8,0.8,0.591,0.707,0.074,33,1.677,0.0,2,1.276,-0.025,2
hist_singapore_like,HOLD,0,1.014,20.29,True,92.0,110.5,0.8,0.556,0.584,0.227,53,0.348,0.768,2,1.609,0.014,0
hist_singapore_like,HARVEST,0,0.408,1.05,True,368.5,157.7,0.8,0.824,0.681,0.109,29,0.732,0.512,4,2.535,0.218,-1
hist_singapore_like,HOLD,1,0.12,17.84,True,265.8,96.1,0.8,0.884,0.593,0.185,47,1.965,0.0,3,1.532,0.22,0
hist_singapore_like,FULL_DEPLOY,0,1.472,24.26,False,88.1,126.6,0.8,0.819,0.514,0.155,34,3.478,0.0,4,2.102,0.137,2
hist_singapore_like,HOLD,1,0.593,7.14,True,50,159.5,0.8,0.74,0.76,0.347,21,2.127,0.0,3,1.401,-0.059,0
hist_singapore_like,PARTIAL_DEPLOY,0,0.882,-2.98,True,240.0,143.6,0.8,0.735,0.82,0.188,11,1.584,0.0,0,1.843,0.097,1
hist_singapore_like,PARTIAL_DEPLOY,1,0.38,1.33,True,50,131.0,0.8,0.632,0.527,0.12,42,0.601,0.599,0,0.498,0.219,1
hist_singapore_like,FULL_DEPLOY,1,0.909,-0.78,True,296.2,128.1,0.8,0.573,0.633,0.297,35,1.365,0.09,2,0.951,-0.248,2
hist_singapore_like,PARTIAL_DEPLOY,0,0.434,-1.38,True,130.0,167.1,0.8,0.622,0.513,0.122,27,3.483,0.0,4,2.425,-0.065,1
hist_singapore_like,HOLD,0,1.389,4.4,False,264.5,95.4,0.8,0.769,0.891,0.23,49,0.166,0.889,1,2.457,0.397,0
hist_singapore_like,HARVEST,0,1.788,18.98,False,194.5,106.6,0.8,0.884,0.583,0.417,25,2.064,0.0,6,0.517,0.129,-1
hist_singapore_like,FULL_DEPLOY,0,0.923,3.46,False,137.3,138.6,0.8,0.933,0.515,0.209,21,0.984,0.344,1,2.667,-0.206,2
hist_singapore_like,PARTIAL_DEPLOY,1,0.307,16.13,False,246.3,104.2,0.8,0.853,0.581,0.394,11,3.142,0.0,0,2.502,0.22,1
hist_singapore_like,FULL_DEPLOY,1,0.213,24.07,False,434.7,130.7,0.8,0.808,0.871,0.231,11,1.98,0.0,2,1.197,0.064,2
hist_singapore_like,PARTIAL_DEPLOY,1,0.144,20.3,True,98.3,90.3,0.8,0.849,0.947,0.351,55,3.062,0.0,1,0.325,-0.048,1
hist_singapore_like,HOLD,0,1.231,0.81,False,235.3,171.4,0.8,0.861,0.925,0.403,16,2.207,0.0,2,0.925,-0.048,0
hist_singapore_like,HOLD,1,0.762,1.73,True,310.8,122.2,0.8,0.566,0.864,0.412,52,1.227,0.182,6,2.926,0.005,0
hist_singapore_like,PARTIAL_DEPLOY,0,0.639,22.87,False,424.0,93.0,0.8,0.892,0.761,0.375,52,2.005,0.0,5,2.393,-0.239,1
hist_singapore_like,HOLD,1,0.66,3.62,False,153.1,163.1,0.8,0.561,0.754,0.346,42,0.884,0.411,1,2.529,-0.058,0
hist_singapore_like,HARVEST,0,0.944,6.67,False,50,118.2,0.8,0.9,0.771,0.104,4,0.501,0.666,1,2.908,-0.064,-1
hist_singapore_like,PARTIAL_DEPLOY,0,0.628,-2.71,True,327.0,114.1,0.8,0.587,0.591,0.229,40,3.452,0.0,0,1.841,0.315,1
hist_singapore_like,HARVEST,0,1.015,3.12,True,367.9,175.0,0.8,0.892,0.623,0.177,43,3.0,0.0,5,2.77,-0.001,-1
hist_singapore_like,HARVEST,1,1.792,9.9,True,223.6,141.4,0.8,0.613,0.834,0.263,18,1.172,0.219,1,0.957,-0.046,-1
hist_singapore_like,HOLD,0,1.734,7.41,True,438.5,114.4,0.8,0.838,0.563,0.283,7,1.118,0.255,5,2.556,-0.215,0
hist_singapore_like,FULL_DEPLOY,0,1.312,4.13,False,381.0,112.6,0.8,0.603,0.937,0.251,16,2.508,0.0,2,1.959,0.22,2
hist_singapore_like,HARVEST,0,1.222,20.76,False,50,117.2,0.8,0.767,0.722,0.223,41,1.399,0.067,4,0.755,0.037,-1
hist_singapore_like,FULL_DEPLOY,0,0.773,7.53,False,348.1,154.5,0.8,0.816,0.932,0.16,34,1.234,0.177,4,2.4,0.064,2
hist_singapore_like,HOLD,0,1.948,6.22,True,362.0,161.4,0.8,0.604,0.855,0.057,33,1.005,0.33,3,0.551,-0.105,0
hist_singapore_like,HOLD,0,1.738,17.32,True,50,125.3,0.8,0.772,0.578,0.398,1,2.667,0.0,4,0.713,0.251,0
hist_singapore_like,HOLD,0,1.538,29.61,True,50,139.7,0.8,0.625,0.842,0.402,42,0.143,0.905,6,2.848,0.04,0
hist_singapore_like,PARTIAL_DEPLOY,1,1.182,1.13,True,452.6,127.6,0.8,0.618,0.812,0.066,27,1.455,0.03,2,2.772,0.026,1
hist_singapore_like,PARTIAL_DEPLOY,0,0.918,1.48,True,50,115.7,0.8,0.566,0.823,0.296,4,2.607,0.0,0,1.81,0.009,1
hist_singapore_like,HOLD,1,0.355,5.43,True,391.7,124.4,0.8,0.552,0.521,0.436,34,0.588,0.608,3,2.045,0.139,0
hist_singapore_like,FULL_DEPLOY,0,1.679,-3.08,False,330.1,168.3,0.8,0.706,0.598,0.26,23,0.135,0.91,4,1.112,-0.13,2
hist_singapore_like,FULL_DEPLOY,0,1.67,18.07,False,172.8,168.1,0.8,0.629,0.685,0.055,51,2.199,0.0,2,2.195,-0.12,2
hist_singapore_like,HARVEST,0,0.839,4.66,False,192.4,100.5,0.8,0.85,0.707,0.236,43,3.142,0.0,4,1.214,0.404,-1
hist_singapore_like,FULL_DEPLOY,0,1.731,2.29,True,164.9,94.1,0.8,0.661,0.693,0.078,21,3.018,0.0,0,1.632,0.27,2
hist_singapore_like,FULL_DEPLOY,0,1.277,14.76,True,410.4,152.8,0.8,0.566,0.576,0.274,29,1.146,0.236,6,0.948,0.014,2
hist_singapore_like,FULL_DEPLOY,0,1.584,22.86,True,131.8,141.3,0.8,0.949,0.574,0.4,50,1.923,0.0,5,0.831,0.099,2
hist_singapore_like,HARVEST,0,0.634,11.37,True,151.9,129.0,0.8,0.832,0.528,0.055,1,2.125,0.0,1,1.602,-0.217,-1
hist_singapore_like,PARTIAL_DEPLOY,0,0.431,8.68,True,133.3,91.4,0.8,0.869,0.762,0.138,35,0.364,0.757,5,1.397,0.241,1
hist_singapore_like,HARVEST,0,0.658,10.95,False,493.4,137.0,0.8,0.66,0.706,0.208,25,0.38,0.747,6,1.464,-0.228,-1
hist_singapore_like,PARTIAL_DEPLOY,0,1.803,24.72,True,399.9,126.4,0.8,0.92,0.906,0.363,24,2.341,0.0,5,0.444,-0.234,1
hist_singapore_like,HARVEST,0,1.883,0.22,True,349.8,152.6,0.8,0.781,0.549,0.361,20,1.237,0.175,5,1.472,0.139,-1
hist_singapore_like,HOLD,0,0.79,21.35,True,198.6,153.5,0.8,0.728,0.912,0.287,16,0.818,0.455,3,1.553,0.047,0
hist_singapore_like,FULL_DEPLOY,0,1.432,26.07,True,258.0,174.0,0.8,0.623,0.583,0.214,55,1.716,0.0,4,1.999,0.045,2
hist_singapore_like,FULL_DEPLOY,0,1.065,12.75,True,85.9,143.8,0.8,0.881,0.674,0.351,37,1.51,0.0,2,2.103,-0.003,2
hist_singapore_like,FULL_DEPLOY,0,1.976,-4.16,False,377.7,161.9,0.8,0.805,0.882,0.388,41,1.129,0.247,1,0.589,0.163,2
hist_singapore_like,FULL_DEPLOY,1,1.553,21.77,True,50,92.7,0.8,0.706,0.584,0.074,5,1.468,0.021,1,1.818,0.186,2
hist_singapore_like,HOLD,0,1.893,15.31,True,144.8,165.3,0.8,0.886,0.536,0.448,53,1.924,0.0,1,1.574,-0.193,0
hist_singapore_like,HOLD,0,1.568,3.17,True,193.5,138.1,0.8,0.879,0.639,0.155,26,2.097,0.0,1,0.285,-0.45,0
hist_singapore_like,HOLD,0,1.948,-1.95,False,50,176.2,0.8,0.671,0.945,0.291,2,0.484,0.677,2,2.37,-0.16,0
hist_singapore_like,FULL_DEPLOY,0,1.238,-2.78,True,125.5,123.1,0.8,0.948,0.739,0.433,18,0.889,0.407,4,2.279,-0.031,2
hist_singapore_like,HOLD,1,1.587,19.28,False,479.5,96.8,0.8,0.84,0.55,0.239,1,1.414,0.057,3,2.871,-0.019,0
hist_singapore_like,HARVEST,0,0.296,17.77,True,267.4,149.2,0.8,0.911,0.794,0.087,1,0.779,0.481,3,2.369,-0.446,-1
hist_singapore_like,HOLD,1,0.883,5.44,True,253.0,94.3,0.8,0.562,0.783,0.063,41,3.154,0.0,6,0.384,0.062,0
hist_singapore_like,FULL_DEPLOY,0,1.146,17.79,False,363.5,119.4,0.8,0.929,0.797,0.058,10,1.856,0.0,5,1.822,-0.333,2
hist_singapore_like,FULL_DEPLOY,0,1.3,-1.89,True,384.1,90.2,0.8,0.925,0.808,0.338,25,3.019,0.0,1,2.439,-0.089,2
hist_singapore_like,HOLD,0,1.697,3.4,True,456.5,105.8,0.8,0.919,0.588,0.411,17,1.054,0.297,1,1.113,0.118,0
hist_singapore_like,PARTIAL_DEPLOY,1,0.735,13.27,False,101.2,133.6,0.8,0.552,0.58,0.344,19,2.856,0.0,5,0.599,0.214,1
hist_singapore_like,HARVEST,0,1.213,27.86,True,244.3,90.8,0.8,0.771,0.62,0.231,53,2.876,0.0,5,0.365,0.188,-1
hist_singapore_like,HOLD,0,1.845,5.28,True,81.6,102.0,0.8,0.856,0.81,0.067,23,0.856,0.429,6,1.39,-0.081,0
hist_singapore_like,FULL_DEPLOY,0,1.601,22.26,True,331.4,126.0,0.8,0.831,0.878,0.41,35,0.599,0.601,2,2.648,0.015,2
hist_singapore_like,PARTIAL_DEPLOY,0,0.625,19.93,True,50,179.9,0.8,0.934,0.604,0.065,26,2.843,0.0,4,2.371,0.201,1
hist_singapore_like,HOLD,1,0.808,5.86,False,508.9,150.0,0.8,0.62,0.837,0.431,12,2.156,0.0,3,0.717,-0.079,0
hist_singapore_like,FULL_DEPLOY,1,0.892,-2.46,True,173.4,173.8,0.8,0.783,0.58,0.407,25,2.175,0.0,4,2.744,0.277,2
hist_singapore_like,HOLD,0,0.509,21.3,False,320.4,136.3,0.8,0.834,0.703,0.125,50,1.575,0.0,2,0.54,-0.151,0
hist_singapore_like,PARTIAL_DEPLOY,0,1.801,23.46,True,312.3,108.0,0.8,0.761,0.585,0.356,6,0.626,0.583,1,1.327,0.419,1
hist_singapore_like,HARVEST,0,1.34,18.04,True,50,155.2,0.8,0.928,0.93,0.172,42,2.349,0.0,6,0.295,0.227,-1
hist_singapore_like,PARTIAL_DEPLOY,0,0.325,2.14,False,563.4,134.6,0.8,0.611,0.786,0.267,9,0.213,0.858,4,1.712,-0.233,1
hist_singapore_like,HOLD,0,1.51,18.35,False,213.4,145.9,0.8,0.834,0.568,0.257,15,1.245,0.17,1,0.287,0.029,0
hist_singapore_like,HARVEST,0,1.283,4.14,False,50,126.1,0.8,0.916,0.756,0.441,50,1.954,0.0,6,0.295,0.192,-1
hist_singapore_like,HARVEST,1,0.262,18.06,True,370.3,126.8,0.8,0.59,0.737,0.279,31,0.62,0.587,6,2.025,-0.086,-1
hist_singapore_like,HARVEST,1,0.688,22.84,True,50,113.2,0.8,0.834,0.643,0.436,43,0.76,0.493,5,1.932,0.053,-1
hist_singapore_like,FULL_DEPLOY,0,1.042,17.48,True,358.9,110.3,0.8,0.584,0.759,0.315,3,0.598,0.601,2,2.533,-0.011,2
hist_singapore_like,HOLD,0,1.08,1.77,True,50,107.1,0.8,0.843,0.865,0.391,20,1.035,0.31,3,1.003,-0.27,0
hist_singapore_like,HARVEST,0,0.943,28.56,True,294.1,178.8,0.8,0.919,0.898,0.327,31,1.506,0.0,0,2.377,0.103,-1
hist_singapore_like,PARTIAL_DEPLOY,0,0.271,19.33,False,54.2,105.0,0.8,0.765,0.656,0.157,25,0.755,0.497,2,0.304,0.1,1
hist_singapore_like,HARVEST,0,0.754,14.06,True,214.4,170.6,0.8,0.731,0.622,0.37,26,2.375,0.0,1,1.886,-0.089,-1
hist_singapore_like,FULL_DEPLOY,0,0.105,4.98,False,321.4,170.3,0.8,0.87,0.823,0.178,20,0.499,0.667,2,2.957,0.151,2
hist_singapore_like,HOLD,0,0.439,23.15,True,257.5,159.2,0.8,0.857,0.832,0.066,33,1.364,0.091,6,1.723,0.19,0
hist_singapore_like,HARVEST,0,1.354,13.7,True,436.0,125.3,0.8,0.613,0.814,0.086,25,1.06,0.293,3,2.186,0.036,-1
hist_singapore_like,FULL_DEPLOY,1,0.351,-3.06,True,346.2,166.5,0.8,0.751,0.728,0.071,50,2.957,0.0,3,0.319,-0.015,2
hist_singapore_like,HARVEST,0,1.234,-3.56,False,50,100.6,0.8,0.83,0.542,0.386,53,2.455,0.0,2,2.624,0.117,-1
hist_singapore_like,HOLD,0,1.64,8.25,True,50,140.5,0.8,0.687,0.86,0.146,43,0.506,0.663,4,2.037,-0.059,0
hist_singapore_like,HOLD,0,0.379,5.97,False,317.2,132.3,0.8,0.553,0.715,0.159,46,1.047,0.302,3,2.234,0.066,0
hist_singapore_like,HOLD,0,1.845,26.34,True,220.6,157.1,0.8,0.879,0.758,0.342,37,1.026,0.316,6,1.561,-0.165,0
hist_singapore_like,HOLD,0,0.572,19.61,False,319.8,173.1,0.8,0.695,0.939,0.105,25,0.35,0.767,4,1.043,0.158,0
hist_singapore_like,FULL_DEPLOY,0,0.111,26.74,True,548.4,94.7,0.8,0.645,0.678,0.145,54,0.128,0.915,0,0.562,0.137,2
hist_singapore_like,FULL_DEPLOY,1,0.605,-4.72,True,178.6,100.9,0.8,0.894,0.764,0.287,11,0.3,0.8,5,0.864,0.187,2
hist_singapore_like,PARTIAL_DEPLOY,1,0.744,19.1,False,80.1,132.1,0.8,0.789,0.604,0.095,42,2.903,0.0,3,0.317,0.048,1
hist_singapore_like,FULL_DEPLOY,0,0.763,23.52,True,90.5,116.6,0.8,0.679,0.865,0.443,38,3.336,0.0,0,1.093,-0.009,2
hist_singapore_like,PARTIAL_DEPLOY,0,1.859,2.88,True,50,100.9,0.8,0.769,0.675,0.302,34,0.819,0.454,6,2.567,-0.1,1
hist_singapore_like,HOLD,0,1.235,19.0,True,69.3,134.4,0.8,0.748,0.642,0.213,1,0.898,0.401,6,1.343,0.143,0
hist_singapore_like,FULL_DEPLOY,1,0.158,-4.63,True,59.4,171.2,0.8,0.712,0.559,0.191,5,1.344,0.104,2,0.276,-0.26,2
hist_singapore_like,FULL_DEPLOY,1,0.538,20.4,False,290.9,128.1,0.8,0.874,0.642,0.072,34,1.596,0.0,0,1.246,0.073,2
hist_singapore_like,PARTIAL_DEPLOY,1,0.684,14.85,True,136.7,157.1,0.8,0.636,0.806,0.178,30,2.084,0.0,2,2.224,0.111,1
hist_singapore_like,FULL_DEPLOY,0,0.926,21.03,True,464.1,154.7,0.8,0.782,0.693,0.205,8,1.983,0.0,1,2.667,-0.053,2
hist_singapore_like,FULL_DEPLOY,1,0.852,28.42,True,50,177.4,0.8,0.948,0.812,0.389,52,2.586,0.0,4,0.943,0.067,2
hist_singapore_like,HOLD,0,0.411,16.12,True,50,111.8,0.8,0.626,0.868,0.326,39,2.475,0.0,1,2.401,0.173,0
hist_singapore_like,PARTIAL_DEPLOY,0,0.592,1.51,False,294.4,104.7,0.8,0.708,0.862,0.436,25,2.199,0.0,4,2.028,0.11,1
hist_singapore_like,HOLD,0,0.525,13.72,True,381.1,102.7,0.8,0.605,0.809,0.059,7,0.955,0.363,0,0.383,-0.107,0
hist_singapore_like,PARTIAL_DEPLOY,1,0.657,2.43,True,110.3,137.3,0.8,0.906,0.504,0.319,22,2.888,0.0,6,0.435,-0.23,1
hist_singapore_like,FULL_DEPLOY,1,0.209,27.41,True,50,141.2,0.8,0.794,0.531,0.27,15,0.523,0.651,0,2.207,-0.128,2
hist_singapore_like,HOLD,1,0.45,21.54,False,206.4,101.5,0.8,0.73,0.71,0.132,5,1.508,0.0,5,1.617,-0.113,0
hist_singapore_like,PARTIAL_DEPLOY,0,1.487,-4.01,False,127.3,90.3,0.8,0.773,0.524,0.201,3,1.239,0.174,2,0.675,-0.17,1
hist_singapore_like,HARVEST,0,1.483,-3.68,True,157.0,101.9,0.8,0.748,0.508,0.309,28,1.709,0.0,6,1.227,-0.312,-1
hist_singapore_like,HARVEST,0,1.7,10.04,True,363.0,165.8,0.8,0.648,0.682,0.372,43,3.439,0.0,5,2.571,0.074,-1
hist_singapore_like,PARTIAL_DEPLOY,0,1.897,20.51,True,96.5,133.7,0.8,0.784,0.547,0.42,38,2.477,0.0,4,2.102,0.056,1
hist_singapore_like,HARVEST,0,0.59,26.99,True,50,93.1,0.8,0.846,0.9,0.376,1,3.047,0.0,4,2.166,-0.058,-1
hist_singapore_like,FULL_DEPLOY,1,0.664,-0.54,False,334.3,124.3,0.8,0.602,0.571,0.269,46,3.278,0.0,4,2.456,-0.024,2
hist_singapore_like,PARTIAL_DEPLOY,0,1.169,6.88,True,356.2,90.4,0.8,0.579,0.808,0.225,45,3.458,0.0,1,0.585,0.094,1
hist_singapore_like,PARTIAL_DEPLOY,0,1.884,5.51,False,300.4,125.8,0.8,0.734,0.727,0.247,55,1.846,0.0,4,1.674,-0.051,1
hist_singapore_like,FULL_DEPLOY,0,0.21,18.0,False,177.4,116.1,0.8,0.705,0.522,0.329,47,0.78,0.48,5,0.915,-0.127,2
hist_singapore_like,PARTIAL_DEPLOY,1,0.844,21.36,True,73.7,114.2,0.8,0.86,0.674,0.403,35,0.921,0.386,0,2.598,0.094,1
hist_singapore_like,HARVEST,0,0.196,14.01,False,93.4,102.7,0.8,0.583,0.68,0.053,27,1.197,0.202,2,2.251,-0.082,-1
hist_singapore_like,FULL_DEPLOY,0,1.364,13.3,True,101.3,170.0,0.8,0.691,0.946,0.119,31,1.565,0.0,0,0.219,0.298,2
hist_singapore_like,FULL_DEPLOY,0,1.636,24.95,True,326.8,95.2,0.8,0.579,0.672,0.152,7,0.623,0.585,2,2.612,-0.022,2
hist_singapore_like,FULL_DEPLOY,1,1.873,-4.83,False,270.2,126.6,0.8,0.764,0.692,0.255,15,2.944,0.0,6,1.516,-0.116,2
hist_singapore_like,HOLD,0,0.876,-3.4,False,234.1,162.9,0.8,0.657,0.912,0.255,27,0.307,0.795,0,2.432,-0.031,0
hist_singapore_like,HOLD,0,0.158,16.3,False,217.9,150.1,0.8,0.555,0.847,0.305,53,2.165,0.0,4,1.557,-0.138,0
hist_singapore_like,FULL_DEPLOY,0,0.356,4.55,False,50,140.0,0.8,0.594,0.663,0.294,34,0.145,0.903,2,2.76,-0.182,2
hist_singapore_like,FULL_DEPLOY,0,0.668,12.83,False,62.1,147.5,0.8,0.639,0.613,0.058,22,2.087,0.0,5,2.332,-0.104,2
hist_singapore_like,HOLD,0,1.463,3.78,True,281.5,168.5,0.8,0.893,0.861,0.438,23,3.199,0.0,4,2.93,0.155,0
hist_singapore_like,HARVEST,0,0.99,24.55,True,247.4,129.6,0.8,0.734,0.629,0.225,24,2.173,0.0,0,2.038,0.255,-1
hist_singapore_like,HOLD,0,0.483,12.53,False,350.8,101.6,0.8,0.793,0.854,0.258,26,2.468,0.0,6,2.825,0.164,0
hist_singapore_like,HOLD,0,0.42,26.2,True,70.2,123.9,0.8,0.799,0.626,0.234,54,1.734,0.0,4,0.787,-0.25,0
hist_singapore_like,FULL_DEPLOY,1,0.865,24.52,True,88.2,177.0,0.8,0.916,0.539,0.087,52,1.901,0.0,6,2.34,-0.231,2
hist_singapore_like,HOLD,0,1.784,23.82,False,76.9,139.4,0.8,0.884,0.92,0.421,16,0.554,0.631,5,0.604,-0.08,0
hist_singapore_like,HARVEST,0,1.963,25.94,True,157.9,151.1,0.8,0.779,0.516,0.375,49,3.427,0.0,2,2.507,0.221,-1
hist_singapore_like,FULL_DEPLOY,0,0.206,26.1,True,60.5,119.1,0.8,0.654,0.782,0.228,32,1.167,0.222,1,1.861,0.046,2
hist_singapore_like,HARVEST,0,1.702,21.21,True,349.5,96.0,0.8,0.783,0.644,0.291,36,2.076,0.0,2,1.628,-0.245,-1
hist_singapore_like,FULL_DEPLOY,0,1.671,2.35,True,66.1,137.3,0.8,0.894,0.932,0.324,26,0.37,0.753,1,1.862,-0.015,2
hist_singapore_like,HARVEST,0,1.301,6.68,True,134.1,169.1,0.8,0.769,0.57,0.277,51,1.936,0.0,5,1.284,-0.189,-1
hist_singapore_like,HOLD,0,1.649,-4.07,False,371.9,154.4,0.8,0.89,0.768,0.399,4,1.646,0.0,1,0.814,0.009,0
hist_singapore_like,HOLD,0,0.525,26.69,True,50,173.7,0.8,0.725,0.637,0.411,3,0.925,0.383,2,0.324,-0.222,0
hist_singapore_like,HOLD,0,1.993,1.69,True,50,129.8,0.8,0.846,0.845,0.386,43,3.156,0.0,1,0.48,0.119,0
hist_singapore_like,PARTIAL_DEPLOY,1,0.936,26.68,True,406.4,147.9,0.8,0.76,0.778,0.32,48,0.857,0.429,2,2.191,-0.011,1
hist_singapore_like,HOLD,1,0.299,-2.33,True,500.5,148.6,0.8,0.831,0.839,0.424,42,2.797,0.0,6,0.338,-0.318,0
hist_singapore_like,FULL_DEPLOY,0,1.656,22.18,False,487.6,156.9,0.8,0.783,0.697,0.399,40,1.618,0.0,0,2.646,0.179,2
hist_singapore_like,PARTIAL_DEPLOY,1,0.779,12.93,True,413.9,116.4,0.8,0.916,0.945,0.378,28,2.567,0.0,3,2.871,-0.039,1
hist_singapore_like,HOLD,0,1.265,11.79,False,168.9,135.5,0.8,0.633,0.554,0.283,32,1.345,0.103,5,2.768,-0.251,0
hist_singapore_like,FULL_DEPLOY,1,0.544,12.82,False,235.4,93.4,0.8,0.776,0.54,0.274,46,2.35,0.0,5,0.658,-0.135,2
hist_singapore_like,FULL_DEPLOY,0,1.724,20.77,True,123.2,121.2,0.8,0.846,0.742,0.283,52,1.423,0.051,3,2.749,-0.11,2
hist_singapore_like,PARTIAL_DEPLOY,0,0.839,20.45,True,125.0,115.5,0.8,0.583,0.782,0.157,40,0.491,0.673,0,1.437,-0.139,1
hist_singapore_like,HARVEST,0,1.076,-1.71,False,532.3,96.5,0.8,0.884,0.629,0.449,15,2.778,0.0,2,2.546,-0.098,-1
hist_singapore_like,PARTIAL_DEPLOY,1,1.653,2.12,True,187.4,179.7,0.8,0.787,0.824,0.1,26,1.081,0.279,5,2.991,0.014,1
hist_singapore_like,HOLD,0,0.907,24.85,True,173.5,174.0,0.8,0.562,0.827,0.284,46,2.885,0.0,0,1.762,0.073,0
hist_singapore_like,FULL_DEPLOY,0,1.981,9.49,False,737.2,157.2,0.8,0.916,0.625,0.375,3,0.557,0.629,6,2.547,0.006,2
hist_singapore_like,HARVEST,1,0.238,29.6,False,393.0,177.5,0.8,0.771,0.901,0.245,40,2.617,0.0,0,1.528,-0.074,-1
hist_singapore_like,PARTIAL_DEPLOY,0,0.625,9.13,True,308.6,112.1,0.8,0.893,0.528,0.172,26,3.187,0.0,3,2.669,0.02,1
hist_singapore_like,HARVEST,0,1.144,3.62,False,430.4,124.2,0.8,0.577,0.763,0.35,48,3.176,0.0,3,2.702,-0.125,-1
hist_singapore_like,HOLD,1,1.023,10.35,False,214.7,144.7,0.8,0.561,0.917,0.437,53,1.962,0.0,0,2.924,0.088,0
hist_singapore_like,HOLD,0,1.68,22.36,True,84.8,116.0,0.8,0.823,0.894,0.21,10,0.714,0.524,4,0.84,0.225,0
hist_singapore_like,HOLD,0,0.226,27.38,True,192.8,123.6,0.8,0.743,0.761,0.129,23,0.416,0.723,2,2.151,-0.306,0
hist_singapore_like,PARTIAL_DEPLOY,0,0.506,-0.31,False,123.4,116.1,0.8,0.783,0.628,0.226,42,1.581,0.0,0,1.639,0.232,1
hist_singapore_like,HARVEST,1,0.214,20.31,True,282.0,108.6,0.8,0.584,0.541,0.076,15,1.573,0.0,4,1.355,-0.018,-1
hist_singapore_like,HARVEST,0,1.143,-1.59,False,50,126.5,0.8,0.76,0.69,0.102,49,1.644,0.0,0,1.338,-0.364,-1
hist_singapore_like,FULL_DEPLOY,0,1.662,17.98,True,240.9,174.8,0.8,0.622,0.834,0.055,3,0.279,0.814,1,0.352,-0.072,2
hist_singapore_like,PARTIAL_DEPLOY,0,1.829,-4.34,True,179.3,164.8,0.8,0.617,0.833,0.088,51,0.622,0.585,3,1.345,0.169,1
hist_singapore_like,HOLD,0,0.136,29.41,True,299.6,156.6,0.8,0.606,0.561,0.105,3,0.207,0.862,2,0.85,-0.085,0
hist_singapore_like,HARVEST,1,0.808,-0.11,True,208.7,176.5,0.8,0.846,0.841,0.39,8,2.678,0.0,2,1.696,0.067,-1
hist_singapore_like,HOLD,0,0.791,13.1,False,297.5,111.9,0.8,0.789,0.651,0.394,44,1.063,0.291,1,0.806,0.093,0
hist_singapore_like,PARTIAL_DEPLOY,0,1.258,9.99,True,359.3,113.7,0.8,0.755,0.693,0.157,48,0.285,0.81,6,1.833,-0.133,1
hist_singapore_like,FULL_DEPLOY,0,1.288,25.34,True,120.3,146.3,0.8,0.621,0.712,0.143,26,2.938,0.0,0,1.137,-0.215,2
hist_singapore_like,PARTIAL_DEPLOY,0,1.647,14.7,True,352.5,133.9,0.8,0.909,0.932,0.198,16,3.066,0.0,4,0.37,0.179,1
hist_singapore_like,FULL_DEPLOY,0,1.587,7.93,True,355.2,104.3,0.8,0.901,0.85,0.43,49,1.439,0.041,5,1.09,-0.252,2
hist_singapore_like,FULL_DEPLOY,1,0.342,17.18,False,322.0,139.6,0.8,0.686,0.612,0.166,46,2.667,0.0,3,1.583,-0.141,2
hist_singapore_like,HARVEST,0,0.398,11.02,False,557.1,157.0,0.8,0.769,0.601,0.159,43,1.075,0.283,4,1.12,-0.198,-1
hist_singapore_like,FULL_DEPLOY,0,1.591,8.77,True,107.2,116.6,0.8,0.738,0.788,0.296,49,3.124,0.0,4,2.405,0.08,2
hist_singapore_like,HARVEST,1,0.293,26.39,True,274.9,92.6,0.8,0.559,0.863,0.24,25,0.3,0.8,5,0.665,0.21,-1
hist_singapore_like,FULL_DEPLOY,0,1.648,28.56,False,208.1,91.7,0.8,0.908,0.674,0.16,14,0.501,0.666,0,2.941,-0.106,2
hist_singapore_like,FULL_DEPLOY,0,0.854,6.32,True,341.6,164.8,0.8,0.616,0.879,0.169,49,1.479,0.014,6,0.736,0.207,2
hist_singapore_like,PARTIAL_DEPLOY,0,0.122,8.84,False,271.8,135.5,0.8,0.816,0.947,0.094,42,1.506,0.0,3,2.212,-0.079,1
hist_singapore_like,HARVEST,1,0.882,26.12,True,123.7,93.0,0.8,0.932,0.548,0.19,50,2.042,0.0,0,1.324,0.238,-1
hist_singapore_like,HARVEST,0,1.547,-2.15,True,50,114.5,0.8,0.659,0.714,0.316,54,1.739,0.0,6,0.774,-0.097,-1
hist_singapore_like,HARVEST,0,1.668,14.09,False,265.6,96.4,0.8,0.724,0.77,0.065,17,3.19,0.0,0,0.49,0.038,-1
hist_singapore_like,HARVEST,0,1.566,-3.34,True,228.0,170.9,0.8,0.615,0.91,0.11,36,2.925,0.0,3,2.589,0.182,-1
hist_singapore_like,HARVEST,1,1.521,-2.47,False,340.8,101.0,0.8,0.888,0.59,0.251,48,3.277,0.0,2,1.75,0.041,-1
hist_singapore_like,HOLD,1,0.242,-2.85,True,50,178.6,0.8,0.588,0.877,0.421,7,0.798,0.468,4,1.27,0.308,0
hist_singapore_like,HARVEST,0,1.602,-0.94,False,233.9,151.4,0.8,0.92,0.868,0.449,20,3.181,0.0,5,2.629,-0.089,-1
hist_singapore_like,HARVEST,0,0.65,-0.83,False,516.2,131.3,0.8,0.803,0.643,0.413,45,0.355,0.763,4,0.797,-0.358,-1
hist_singapore_like,FULL_DEPLOY,0,0.66,10.0,False,238.5,97.2,0.8,0.917,0.725,0.296,8,2.336,0.0,3,0.542,0.352,2
hist_singapore_like,HOLD,0,0.326,4.94,True,162.3,153.9,0.8,0.583,0.651,0.183,27,2.129,0.0,3,2.904,0.029,0
hist_singapore_like,PARTIAL_DEPLOY,0,0.741,29.94,True,83.0,170.4,0.8,0.551,0.785,0.163,47,2.85,0.0,5,1.506,-0.272,1
hist_singapore_like,PARTIAL_DEPLOY,0,0.909,16.16,True,157.7,178.4,0.8,0.789,0.942,0.062,7,2.109,0.0,5,2.162,-0.118,1
hist_singapore_like,FULL_DEPLOY,0,0.496,7.74,True,441.7,106.6,0.8,0.805,0.539,0.112,26,0.553,0.631,5,1.213,-0.256,2
hist_singapore_like,FULL_DEPLOY,1,0.143,-3.5,True,306.2,179.9,0.8,0.918,0.55,0.139,53,1.385,0.077,5,2.876,-0.111,2
hist_singapore_like,FULL_DEPLOY,1,1.578,-1.41,True,632.6,127.1,0.8,0.767,0.527,0.159,52,2.683,0.0,3,0.58,-0.111,2
hist_singapore_like,HARVEST,1,0.331,25.46,False,351.1,102.6,0.8,0.607,0.567,0.12,10,1.065,0.29,4,0.978,-0.054,-1
hist_singapore_like,PARTIAL_DEPLOY,0,0.161,4.55,True,221.0,144.5,0.8,0.596,0.668,0.363,46,0.493,0.671,1,1.172,-0.158,1
hist_singapore_like,HOLD,0,0.706,22.29,True,274.5,103.1,0.8,0.856,0.739,0.103,53,0.126,0.916,3,1.01,-0.3,0
hist_singapore_like,FULL_DEPLOY,0,1.157,-3.57,False,183.9,173.4,0.8,0.557,0.533,0.408,7,2.215,0.0,6,2.194,-0.007,2
hist_singapore_like,HOLD,0,1.595,12.87,False,331.5,173.7,0.8,0.655,0.711,0.214,30,1.079,0.281,5,0.561,0.082,0
hist_singapore_like,HOLD,0,0.143,2.77,True,410.7,153.9,0.8,0.56,0.948,0.236,38,2.729,0.0,5,0.609,-0.03,0
hist_singapore_like,FULL_DEPLOY,1,0.576,27.12,True,437.1,154.8,0.8,0.789,0.506,0.376,36,1.199,0.201,2,2.762,0.057,2
hist_singapore_like,HARVEST,0,1.135,4.74,False,196.0,144.2,0.8,0.722,0.787,0.326,23,3.139,0.0,4,1.902,-0.378,-1
hist_singapore_like,HARVEST,0,0.838,9.71,True,213.1,130.7,0.8,0.659,0.7,0.067,26,1.182,0.212,3,1.36,0.186,-1
hist_singapore_like,PARTIAL_DEPLOY,0,1.217,14.31,True,225.7,115.2,0.8,0.742,0.679,0.296,41,2.184,0.0,3,1.028,0.04,1
hist_singapore_like,HOLD,0,0.714,25.68,True,465.3,115.4,0.8,0.624,0.835,0.41,12,0.823,0.451,4,0.213,0.08,0
hist_singapore_like,PARTIAL_DEPLOY,1,0.31,6.58,True,361.9,119.5,0.8,0.685,0.706,0.388,38,3.256,0.0,3,0.688,-0.194,1
hist_singapore_like,PARTIAL_DEPLOY,0,0.413,10.83,True,221.7,158.7,0.8,0.639,0.565,0.368,44,2.139,0.0,2,0.708,0.014,1
hist_singapore_like,HOLD,0,1.098,2.92,True,290.0,129.2,0.8,0.624,0.897,0.297,6,1.605,0.0,0,1.559,-0.058,0
hist_singapore_like,HARVEST,1,0.674,9.25,True,158.8,159.2,0.8,0.912,0.662,0.146,12,3.159,0.0,3,1.892,-0.603,-1
hist_singapore_like,HOLD,0,1.974,23.68,False,295.0,110.8,0.8,0.613,0.52,0.263,53,1.318,0.121,1,0.623,-0.018,0
hist_singapore_like,HOLD,0,1.322,2.41,False,330.3,134.0,0.8,0.745,0.772,0.051,42,0.174,0.884,5,1.829,-0.05,0
hist_singapore_like,PARTIAL_DEPLOY,0,0.815,20.13,True,50,123.2,0.8,0.938,0.639,0.341,38,3.492,0.0,6,2.716,0.012,1
hist_singapore_like,HOLD,0,0.36,3.2,False,341.7,148.6,0.8,0.737,0.912,0.264,5,1.069,0.287,3,1.011,-0.038,0
hist_singapore_like,HARVEST,0,1.268,28.07,True,117.9,99.4,0.8,0.582,0.703,0.25,27,2.519,0.0,2,0.364,-0.279,-1
hist_singapore_like,FULL_DEPLOY,1,0.227,-4.07,False,371.7,139.8,0.8,0.879,0.792,0.241,4,1.483,0.011,0,2.432,-0.082,2
hist_singapore_like,HARVEST,0,0.843,16.91,False,81.6,164.3,0.8,0.803,0.592,0.148,10,0.775,0.483,3,0.545,0.071,-1
hist_singapore_like,FULL_DEPLOY,0,1.656,13.09,True,288.6,136.1,0.8,0.716,0.91,0.084,19,2.976,0.0,4,1.072,0.048,2
hist_singapore_like,FULL_DEPLOY,0,1.677,22.05,True,222.8,152.7,0.8,0.899,0.816,0.079,10,0.983,0.345,2,1.878,-0.258,2
hist_singapore_like,HOLD,0,0.341,11.76,False,50,154.2,0.8,0.591,0.797,0.131,44,1.79,0.0,2,1.796,0.135,0
hist_singapore_like,HOLD,0,0.178,-1.56,True,409.5,162.3,0.8,0.615,0.693,0.167,28,1.613,0.0,6,2.655,-0.266,0
hist_singapore_like,FULL_DEPLOY,0,0.448,4.79,False,116.0,109.9,0.8,0.873,0.612,0.43,24,2.387,0.0,2,2.805,-0.17,2
hist_singapore_like,FULL_DEPLOY,0,1.071,15.6,True,171.6,115.9,0.8,0.697,0.554,0.173,41,0.57,0.62,0,2.884,0.354,2
hist_singapore_like,FULL_DEPLOY,0,1.114,6.68,True,50,163.7,0.8,0.572,0.69,0.101,29,3.078,0.0,5,1.578,-0.119,2
hist_singapore_like,HARVEST,0,1.266,15.45,True,172.7,102.5,0.8,0.602,0.55,0.225,51,2.333,0.0,0,0.721,-0.145,-1
hist_singapore_like,HARVEST,0,0.645,7.07,True,98.6,141.1,0.8,0.893,0.562,0.096,34,1.09,0.273,5,0.345,0.143,-1
hist_singapore_like,HOLD,0,0.278,10.85,False,630.8,103.0,0.8,0.647,0.7,0.342,10,2.458,0.0,4,2.156,-0.19,0
hist_singapore_like,FULL_DEPLOY,1,0.86,20.54,True,274.2,107.7,0.8,0.802,0.802,0.389,51,3.43,0.0,4,1.394,0.075,2
hist_singapore_like,HOLD,0,0.151,28.22,True,391.8,116.3,0.8,0.917,0.557,0.377,50,3.38,0.0,4,0.77,-0.194,0
hist_singapore_like,FULL_DEPLOY,1,0.144,22.65,True,215.3,178.0,0.8,0.766,0.682,0.34,41,0.392,0.739,1,1.267,0.171,2
hist_singapore_like,PARTIAL_DEPLOY,0,1.792,25.68,False,651.1,172.6,0.8,0.662,0.822,0.071,13,0.595,0.603,4,1.235,0.087,1
hist_singapore_like,PARTIAL_DEPLOY,0,0.195,17.86,False,50,90.1,0.8,0.593,0.649,0.207,31,1.273,0.151,4,2.203,0.226,1
hist_singapore_like,HARVEST,0,0.512,13.34,True,64.4,93.2,0.8,0.652,0.531,0.163,18,0.923,0.385,2,1.336,-0.247,-1
hist_singapore_like,PARTIAL_DEPLOY,0,0.463,17.2,True,135.3,136.4,0.8,0.637,0.64,0.178,33,0.27,0.82,0,1.949,0.451,1
hist_singapore_like,PARTIAL_DEPLOY,0,0.825,10.66,True,295.9,93.2,0.8,0.935,0.774,0.112,30,2.787,0.0,5,0.488,-0.231,1
hist_singapore_like,HOLD,0,1.019,-1.4,True,109.7,122.9,0.8,0.921,0.691,0.37,28,0.484,0.677,4,1.8,0.091,0
hist_singapore_like,HOLD,0,1.362,0.59,True,383.5,167.8,0.8,0.683,0.941,0.133,13,0.969,0.354,5,1.71,-0.233,0
hist_singapore_like,HOLD,0,1.136,3.64,False,137.5,178.9,0.8,0.781,0.767,0.354,11,1.06,0.293,3,1.321,0.141,0
hist_singapore_like,FULL_DEPLOY,1,0.737,-3.48,False,105.2,128.3,0.8,0.769,0.772,0.133,53,3.075,0.0,1,0.218,-0.039,2
hist_singapore_like,FULL_DEPLOY,1,0.44,21.39,True,87.0,140.4,0.8,0.809,0.615,0.078,24,2.857,0.0,5,0.371,-0.173,2
hist_singapore_like,PARTIAL_DEPLOY,0,0.91,28.89,True,50,174.7,0.8,0.553,0.912,0.42,9,3.112,0.0,6,0.222,-0.102,1
hist_singapore_like,HOLD,0,1.905,22.77,True,295.7,172.8,0.8,0.93,0.552,0.402,33,1.094,0.271,2,0.559,-0.032,0
hist_singapore_like,HOLD,0,0.102,16.09,True,290.5,94.3,0.8,0.607,0.886,0.106,19,2.395,0.0,3,0.806,-0.062,0
hist_singapore_like,FULL_DEPLOY,0,1.713,19.21,True,176.0,132.3,0.8,0.853,0.875,0.363,28,3.278,0.0,5,1.823,-0.065,2
hist_singapore_like,FULL_DEPLOY,0,0.765,8.96,False,184.0,144.8,0.8,0.823,0.736,0.144,19,2.749,0.0,0,0.249,0.032,2
hist_singapore_like,PARTIAL_DEPLOY,0,1.895,29.52,True,136.0,154.1,0.8,0.629,0.707,0.13,45,0.72,0.52,6,0.447,0.137,1
hist_singapore_like,HARVEST,0,0.971,7.66,True,145.9,158.6,0.8,0.684,0.855,0.285,6,3.187,0.0,2,0.304,-0.184,-1
hist_singapore_like,HOLD,0,0.896,-3.92,True,177.1,126.1,0.8,0.774,0.823,0.318,55,1.694,0.0,2,1.874,0.293,0
hist_singapore_like,PARTIAL_DEPLOY,0,0.649,12.51,True,155.2,106.8,0.8,0.663,0.681,0.278,53,0.957,0.362,1,2.917,0.004,1
hist_singapore_like,FULL_DEPLOY,0,1.721,18.76,True,50,104.0,0.8,0.901,0.541,0.448,32,2.455,0.0,6,2.041,-0.1,2
hist_singapore_like,PARTIAL_DEPLOY,0,0.846,6.66,False,144.3,154.9,0.8,0.818,0.631,0.066,3,2.443,0.0,5,2.091,-0.066,1
hist_singapore_like,HARVEST,0,0.678,21.12,False,366.2,118.8,0.8,0.786,0.752,0.185,14,2.901,0.0,3,2.657,-0.236,-1
holdout_jeddah_like,HOLD,0,1.978,6.21,True,491.3,143.8,0.4,0.855,0.904,0.375,6,3.184,0.0,0,2.223,-0.116,0
holdout_jeddah_like,HOLD,1,0.225,10.52,True,452.4,90.3,0.4,0.926,0.884,0.263,3,0.69,0.54,5,2.951,0.038,0
holdout_jeddah_like,PARTIAL_DEPLOY,0,1.133,28.02,False,515.8,156.6,0.4,0.57,0.618,0.138,29,1.518,0.0,0,0.879,-0.046,1
holdout_jeddah_like,HARVEST,0,1.073,23.38,True,595.4,102.3,0.4,0.804,0.734,0.19,49,2.045,0.0,6,1.485,-0.05,-1
holdout_jeddah_like,HARVEST,0,1.756,26.9,True,848.9,97.9,0.4,0.942,0.806,0.429,44,2.751,0.0,1,0.223,-0.016,-1
holdout_jeddah_like,FULL_DEPLOY,1,1.276,5.16,True,435.5,140.2,0.4,0.945,0.836,0.106,28,2.162,0.0,3,2.996,-0.019,2
holdout_jeddah_like,HARVEST,0,0.871,12.0,True,669.8,133.1,0.4,0.898,0.556,0.262,52,3.358,0.0,3,2.795,-0.177,-1
holdout_jeddah_like,PARTIAL_DEPLOY,1,0.147,20.5,True,625.5,159.8,0.4,0.806,0.707,0.211,38,0.64,0.573,3,1.41,-0.354,1
holdout_jeddah_like,HOLD,0,0.95,8.9,False,682.7,106.9,0.4,0.917,0.771,0.407,35,3.389,0.0,0,1.499,-0.012,0
holdout_jeddah_like,HARVEST,0,0.358,6.95,True,495.7,131.8,0.4,0.724,0.939,0.384,25,1.108,0.261,4,2.548,0.164,-1
holdout_jeddah_like,HARVEST,0,0.702,27.35,False,666.0,159.6,0.4,0.594,0.926,0.205,31,1.975,0.0,1,1.801,-0.06,-1
holdout_jeddah_like,PARTIAL_DEPLOY,0,1.748,7.28,True,526.3,138.0,0.4,0.582,0.551,0.441,34,1.557,0.0,0,2.645,-0.038,1
holdout_jeddah_like,HOLD,1,0.598,15.8,False,388.4,165.2,0.4,0.747,0.788,0.447,41,0.892,0.405,0,2.367,-0.031,0
holdout_jeddah_like,HOLD,0,0.746,-4.54,False,534.7,125.2,0.4,0.8,0.722,0.118,49,3.395,0.0,3,2.052,-0.092,0
holdout_jeddah_like,HOLD,0,1.717,9.28,True,691.0,124.6,0.4,0.905,0.506,0.431,41,0.765,0.49,1,2.475,0.175,0
holdout_jeddah_like,FULL_DEPLOY,0,0.364,19.56,False,232.8,122.7,0.4,0.738,0.857,0.304,2,2.471,0.0,2,1.585,0.017,2
holdout_jeddah_like,PARTIAL_DEPLOY,1,0.68,28.11,False,446.6,159.9,0.4,0.748,0.522,0.202,32,2.783,0.0,2,2.009,0.151,1
holdout_jeddah_like,HARVEST,0,0.633,17.94,False,694.8,177.8,0.4,0.815,0.688,0.421,33,0.775,0.483,5,2.643,-0.351,-1
holdout_jeddah_like,HOLD,0,1.357,27.44,False,748.9,166.9,0.4,0.883,0.597,0.441,54,1.119,0.254,2,0.873,-0.096,0
holdout_jeddah_like,PARTIAL_DEPLOY,0,1.097,-4.84,True,590.5,144.8,0.4,0.647,0.848,0.31,50,2.834,0.0,4,0.812,0.073,1
holdout_jeddah_like,FULL_DEPLOY,0,1.994,19.17,False,582.3,155.2,0.4,0.672,0.86,0.194,47,0.208,0.861,1,1.69,0.009,2
holdout_jeddah_like,HARVEST,0,0.97,4.81,False,602.6,158.2,0.4,0.853,0.755,0.329,29,0.873,0.418,5,1.572,0.336,-1
holdout_jeddah_like,PARTIAL_DEPLOY,1,1.367,28.93,True,516.6,128.0,0.4,0.684,0.947,0.094,3,2.4,0.0,5,2.152,-0.018,1
holdout_jeddah_like,HOLD,0,1.923,-1.7,True,564.3,110.4,0.4,0.576,0.909,0.289,50,2.425,0.0,5,2.117,0.15,0
holdout_jeddah_like,PARTIAL_DEPLOY,0,0.457,22.91,False,617.0,149.1,0.4,0.78,0.624,0.398,26,1.317,0.122,3,2.488,0.065,1
holdout_jeddah_like,HOLD,0,1.632,7.04,False,678.9,137.1,0.4,0.748,0.738,0.272,44,1.29,0.14,2,1.158,0.248,0
holdout_jeddah_like,HARVEST,0,1.617,23.83,False,435.5,97.1,0.4,0.816,0.915,0.188,23,1.163,0.225,5,0.816,-0.09,-1
holdout_jeddah_like,HOLD,0,1.0,14.03,True,560.8,131.0,0.4,0.649,0.613,0.088,54,0.577,0.615,0,2.07,0.094,0
holdout_jeddah_like,HOLD,1,1.546,4.01,True,550.7,113.2,0.4,0.597,0.939,0.312,26,0.643,0.571,4,1.94,-0.048,0
holdout_jeddah_like,FULL_DEPLOY,1,0.557,22.65,True,620.9,145.7,0.4,0.684,0.533,0.348,4,1.157,0.229,0,2.194,-0.067,2
holdout_jeddah_like,HOLD,0,1.837,19.64,True,588.0,175.3,0.4,0.931,0.597,0.363,53,2.736,0.0,4,1.686,0.357,0
holdout_jeddah_like,HARVEST,0,1.349,17.76,True,592.4,123.2,0.4,0.876,0.68,0.197,55,2.41,0.0,4,0.692,-0.016,-1
holdout_jeddah_like,FULL_DEPLOY,1,0.787,7.99,True,631.9,99.9,0.4,0.682,0.766,0.349,41,0.98,0.347,0,1.66,0.252,2
holdout_jeddah_like,PARTIAL_DEPLOY,0,0.528,22.84,False,341.3,151.7,0.4,0.892,0.799,0.284,31,0.504,0.664,5,0.5,0.112,1
holdout_jeddah_like,FULL_DEPLOY,0,1.249,8.64,False,520.8,130.7,0.4,0.893,0.729,0.387,10,2.43,0.0,0,2.282,0.062,2
holdout_jeddah_like,HOLD,1,0.398,15.78,True,377.4,141.0,0.4,0.58,0.645,0.137,30,1.58,0.0,3,0.519,0.107,0
holdout_jeddah_like,FULL_DEPLOY,0,1.026,10.47,True,695.4,165.6,0.4,0.582,0.889,0.073,18,1.181,0.213,0,2.465,-0.265,2
holdout_jeddah_like,HOLD,0,1.165,14.42,True,621.4,109.2,0.4,0.926,0.787,0.402,11,2.121,0.0,4,1.319,0.004,0
holdout_jeddah_like,HARVEST,1,0.617,16.16,False,592.2,152.1,0.4,0.822,0.634,0.078,46,2.56,0.0,1,2.409,0.197,-1
holdout_jeddah_like,HOLD,1,1.677,18.28,True,532.5,96.5,0.4,0.899,0.641,0.147,18,1.376,0.083,0,1.727,0.008,0
holdout_jeddah_like,HOLD,0,0.787,3.26,True,455.5,155.8,0.4,0.903,0.802,0.259,47,2.751,0.0,3,0.822,-0.041,0
holdout_jeddah_like,HARVEST,0,1.332,19.55,False,457.1,156.4,0.4,0.79,0.71,0.254,46,1.141,0.239,3,1.4,0.024,-1
holdout_jeddah_like,HARVEST,1,0.588,20.1,False,874.4,131.1,0.4,0.723,0.621,0.196,51,0.194,0.871,5,2.08,-0.092,-1
holdout_jeddah_like,FULL_DEPLOY,1,0.112,8.0,False,437.7,169.4,0.4,0.784,0.536,0.156,42,1.133,0.245,2,2.817,-0.198,2
holdout_jeddah_like,PARTIAL_DEPLOY,0,0.743,23.79,False,381.2,111.3,0.4,0.728,0.808,0.097,49,2.397,0.0,4,1.363,0.068,1
holdout_jeddah_like,FULL_DEPLOY,1,0.302,20.98,False,672.6,124.4,0.4,0.861,0.745,0.426,24,1.336,0.109,1,1.485,0.13,2
holdout_jeddah_like,PARTIAL_DEPLOY,0,1.664,-3.37,False,594.5,154.6,0.4,0.932,0.8,0.435,20,1.11,0.26,3,2.68,0.286,1
holdout_jeddah_like,HARVEST,0,0.664,18.8,True,690.8,131.1,0.4,0.862,0.808,0.12,43,0.448,0.701,1,1.027,0.039,-1
holdout_jeddah_like,FULL_DEPLOY,1,0.494,27.31,True,662.2,118.2,0.4,0.765,0.754,0.287,31,3.252,0.0,1,1.257,0.026,2
holdout_jeddah_like,PARTIAL_DEPLOY,0,1.128,12.02,False,412.0,147.7,0.4,0.711,0.602,0.387,49,1.271,0.153,1,2.291,0.305,1
holdout_jeddah_like,HARVEST,0,1.357,0.87,False,399.5,115.2,0.4,0.567,0.619,0.201,44,0.594,0.604,0,0.429,0.181,-1
holdout_jeddah_like,FULL_DEPLOY,0,0.336,1.74,True,573.5,100.3,0.4,0.829,0.848,0.428,42,0.282,0.812,6,1.545,-0.108,2
holdout_jeddah_like,PARTIAL_DEPLOY,0,1.682,11.7,True,392.0,95.1,0.4,0.614,0.891,0.093,8,0.475,0.683,4,2.59,-0.184,1
holdout_jeddah_like,HARVEST,0,1.15,13.71,True,118.9,174.6,0.4,0.937,0.695,0.247,41,2.823,0.0,6,2.881,-0.055,-1
holdout_jeddah_like,FULL_DEPLOY,1,0.48,-1.71,False,692.3,121.7,0.4,0.877,0.835,0.351,7,1.523,0.0,2,1.905,-0.023,2
holdout_jeddah_like,HARVEST,0,1.191,26.21,True,875.4,152.1,0.4,0.786,0.761,0.284,26,1.903,0.0,1,2.154,0.103,-1
holdout_jeddah_like,FULL_DEPLOY,1,0.246,29.69,True,615.0,100.3,0.4,0.639,0.943,0.128,8,2.828,0.0,1,0.415,-0.296,2
holdout_jeddah_like,HARVEST,0,1.533,-3.41,False,429.6,165.1,0.4,0.647,0.803,0.291,48,1.106,0.263,4,2.374,-0.183,-1
holdout_jeddah_like,HOLD,1,1.392,27.1,True,592.1,166.6,0.4,0.95,0.598,0.303,10,3.197,0.0,6,2.891,-0.101,0
holdout_jeddah_like,HOLD,1,0.713,25.82,True,684.8,156.5,0.4,0.943,0.927,0.152,32,3.05,0.0,1,2.733,0.245,0
holdout_jeddah_like,HOLD,0,0.871,-3.69,False,395.6,113.5,0.4,0.653,0.871,0.339,36,0.956,0.363,1,0.463,0.159,0
holdout_jeddah_like,HARVEST,0,1.8,23.03,False,715.9,136.9,0.4,0.845,0.849,0.299,42,2.096,0.0,5,2.052,-0.229,-1
holdout_jeddah_like,HOLD,1,1.296,27.01,True,755.3,168.0,0.4,0.831,0.707,0.304,13,1.217,0.189,6,2.792,-0.025,0
holdout_jeddah_like,HOLD,1,0.51,16.76,True,637.5,128.6,0.4,0.562,0.812,0.098,43,0.87,0.42,2,2.929,-0.034,0
holdout_jeddah_like,HOLD,0,1.328,20.72,False,722.5,169.2,0.4,0.886,0.603,0.374,27,2.391,0.0,1,0.718,0.154,0
holdout_jeddah_like,HARVEST,0,1.794,-1.5,False,679.3,116.1,0.4,0.617,0.842,0.271,55,1.021,0.319,5,2.959,0.302,-1
holdout_jeddah_like,PARTIAL_DEPLOY,1,0.114,16.03,True,361.4,98.2,0.4,0.817,0.732,0.313,22,1.516,0.0,2,0.223,0.341,1
holdout_jeddah_like,PARTIAL_DEPLOY,0,0.466,13.87,False,433.8,170.8,0.4,0.737,0.644,0.382,9,1.12,0.253,2,2.972,-0.112,1
holdout_jeddah_like,HOLD,0,0.833,-2.34,False,556.6,108.0,0.4,0.703,0.777,0.122,37,2.118,0.0,1,0.299,-0.046,0
holdout_jeddah_like,FULL_DEPLOY,0,0.922,18.24,False,520.1,144.0,0.4,0.86,0.756,0.143,35,1.405,0.063,4,0.9,0.142,2
holdout_jeddah_like,HOLD,0,1.257,-4.43,False,582.6,101.4,0.4,0.811,0.886,0.168,25,1.544,0.0,1,1.635,0.353,0
holdout_jeddah_like,PARTIAL_DEPLOY,0,1.382,13.86,True,692.5,111.4,0.4,0.633,0.667,0.426,48,1.891,0.0,3,2.727,-0.002,1
holdout_jeddah_like,PARTIAL_DEPLOY,0,1.643,1.15,True,413.5,145.8,0.4,0.603,0.648,0.058,18,0.794,0.471,6,2.532,-0.075,1
holdout_jeddah_like,PARTIAL_DEPLOY,0,1.257,25.77,False,485.1,165.9,0.4,0.896,0.612,0.221,39,3.07,0.0,3,0.993,0.068,1
holdout_jeddah_like,FULL_DEPLOY,0,0.869,-3.43,True,609.2,90.4,0.4,0.855,0.859,0.186,9,1.972,0.0,3,0.794,-0.23,2
holdout_jeddah_like,FULL_DEPLOY,0,1.367,13.07,True,671.3,130.5,0.4,0.766,0.761,0.233,27,2.483,0.0,3,2.161,0.026,2
holdout_jeddah_like,FULL_DEPLOY,0,1.21,-2.02,True,492.3,92.4,0.4,0.853,0.859,0.154,46,3.27,0.0,3,0.487,0.03,2
holdout_jeddah_like,PARTIAL_DEPLOY,1,0.1,6.85,True,726.8,135.5,0.4,0.927,0.809,0.204,43,1.095,0.27,4,2.683,-0.055,1
holdout_jeddah_like,PARTIAL_DEPLOY,1,1.26,17.39,True,521.1,177.9,0.4,0.921,0.646,0.414,42,1.239,0.174,3,1.344,-0.004,1
holdout_jeddah_like,PARTIAL_DEPLOY,1,0.691,-0.25,False,294.0,171.1,0.4,0.91,0.858,0.224,31,2.927,0.0,4,1.846,0.29,1
holdout_jeddah_like,HARVEST,0,1.705,6.57,False,504.2,119.1,0.4,0.832,0.721,0.348,49,1.38,0.08,6,1.042,-0.135,-1
holdout_jeddah_like,HOLD,0,1.083,5.06,True,547.4,157.4,0.4,0.894,0.891,0.318,13,1.198,0.201,2,0.818,-0.016,0
holdout_jeddah_like,HOLD,0,0.935,15.23,False,784.8,148.4,0.4,0.551,0.632,0.418,24,0.601,0.599,6,2.73,0.183,0
holdout_jeddah_like,FULL_DEPLOY,1,0.193,2.57,True,559.0,103.2,0.4,0.928,0.836,0.136,20,2.412,0.0,1,1.961,-0.012,2
holdout_jeddah_like,HOLD,0,0.542,13.8,False,612.2,129.6,0.4,0.719,0.715,0.387,4,1.625,0.0,1,2.547,0.115,0
holdout_jeddah_like,FULL_DEPLOY,0,0.977,9.98,False,466.5,170.1,0.4,0.705,0.924,0.228,21,2.469,0.0,4,1.92,0.374,2
holdout_jeddah_like,FULL_DEPLOY,1,0.603,12.35,False,465.7,115.8,0.4,0.646,0.628,0.251,22,0.57,0.62,2,2.576,0.113,2
holdout_jeddah_like,HARVEST,0,1.928,22.44,True,605.3,131.9,0.4,0.773,0.627,0.156,10,0.177,0.882,6,1.544,-0.08,-1
holdout_jeddah_like,PARTIAL_DEPLOY,1,0.479,-1.91,True,449.3,159.9,0.4,0.574,0.765,0.366,42,2.54,0.0,4,2.583,0.025,1
holdout_jeddah_like,PARTIAL_DEPLOY,0,1.479,0.25,False,283.1,155.0,0.4,0.687,0.736,0.433,22,2.326,0.0,3,1.223,-0.069,1
holdout_jeddah_like,HOLD,0,1.889,10.04,True,414.8,158.6,0.4,0.895,0.517,0.237,55,3.498,0.0,5,0.42,-0.406,0
holdout_jeddah_like,PARTIAL_DEPLOY,0,1.666,-2.28,False,591.4,158.9,0.4,0.751,0.766,0.21,21,3.478,0.0,0,1.733,-0.072,1
holdout_jeddah_like,FULL_DEPLOY,0,1.596,4.68,True,501.3,130.4,0.4,0.919,0.73,0.356,27,1.838,0.0,5,0.2,0.158,2
holdout_jeddah_like,FULL_DEPLOY,1,1.14,0.15,False,310.4,156.6,0.4,0.835,0.666,0.187,39,2.093,0.0,0,1.675,-0.118,2
holdout_jeddah_like,HOLD,1,1.414,-4.87,True,500.3,171.7,0.4,0.892,0.642,0.385,44,0.923,0.385,4,1.383,-0.225,0
holdout_jeddah_like,HARVEST,1,0.511,-1.91,True,521.4,92.9,0.4,0.744,0.703,0.147,36,2.109,0.0,0,0.909,-0.025,-1
holdout_jeddah_like,FULL_DEPLOY,1,0.669,5.59,True,627.7,115.4,0.4,0.557,0.904,0.4,11,3.216,0.0,1,2.393,0.252,2
holdout_jeddah_like,HARVEST,0,1.121,21.17,False,562.9,167.3,0.4,0.715,0.917,0.396,31,1.128,0.248,1,0.452,0.055,-1
holdout_jeddah_like,HOLD,1,0.116,7.44,True,510.3,127.7,0.4,0.677,0.867,0.19,40,3.281,0.0,6,1.706,0.478,0
holdout_jeddah_like,PARTIAL_DEPLOY,0,0.753,16.79,False,374.3,162.8,0.4,0.759,0.818,0.321,5,3.217,0.0,4,2.942,-0.176,1
holdout_jeddah_like,HARVEST,0,0.816,7.08,False,572.1,166.8,0.4,0.785,0.64,0.355,37,0.412,0.725,5,2.343,0.132,-1
holdout_jeddah_like,HARVEST,0,1.656,25.32,True,82.0,101.4,0.4,0.793,0.867,0.175,11,0.45,0.7,4,2.654,-0.295,-1
holdout_jeddah_like,HARVEST,0,1.697,20.74,True,670.2,132.5,0.4,0.627,0.541,0.085,47,1.465,0.023,1,0.898,0.067,-1
holdout_jeddah_like,HARVEST,0,1.909,6.23,True,736.6,95.3,0.4,0.673,0.505,0.226,6,2.384,0.0,0,2.702,-0.311,-1
holdout_jeddah_like,PARTIAL_DEPLOY,0,1.361,5.95,True,537.3,111.4,0.4,0.87,0.646,0.405,8,2.762,0.0,5,2.927,-0.313,1
holdout_jeddah_like,PARTIAL_DEPLOY,0,0.748,-3.07,True,510.7,97.4,0.4,0.797,0.83,0.091,27,3.404,0.0,5,2.295,0.195,1
holdout_jeddah_like,HARVEST,1,0.212,21.38,False,495.9,101.9,0.4,0.816,0.56,0.346,26,1.921,0.0,3,2.508,-0.234,-1
holdout_jeddah_like,FULL_DEPLOY,0,0.776,17.33,True,510.9,160.4,0.4,0.884,0.756,0.203,10,0.204,0.864,1,1.968,-0.359,2
holdout_jeddah_like,HARVEST,0,0.121,14.9,True,615.2,174.3,0.4,0.803,0.722,0.354,36,2.233,0.0,0,2.17,-0.27,-1
holdout_jeddah_like,FULL_DEPLOY,0,1.834,4.36,True,581.3,134.4,0.4,0.602,0.862,0.273,8,0.592,0.605,2,0.447,-0.218,2
holdout_jeddah_like,PARTIAL_DEPLOY,0,1.386,12.91,False,403.2,103.3,0.4,0.803,0.732,0.056,25,0.249,0.834,4,0.28,-0.244,1
holdout_jeddah_like,FULL_DEPLOY,0,1.588,24.65,False,276.3,113.7,0.4,0.932,0.68,0.442,22,0.242,0.839,4,0.265,0.195,2
holdout_jeddah_like,PARTIAL_DEPLOY,1,0.928,28.7,True,864.4,119.6,0.4,0.886,0.694,0.104,33,2.0,0.0,4,1.624,0.094,1
holdout_jeddah_like,FULL_DEPLOY,1,1.425,26.9,False,534.1,164.7,0.4,0.58,0.675,0.434,27,2.3,0.0,1,2.561,0.085,2
holdout_jeddah_like,HOLD,1,1.156,-4.68,True,608.7,157.8,0.4,0.911,0.536,0.281,1,0.829,0.447,0,0.78,-0.141,0
holdout_jeddah_like,PARTIAL_DEPLOY,0,1.487,14.6,False,715.4,141.3,0.4,0.673,0.765,0.351,17,1.663,0.0,4,2.247,0.141,1
holdout_jeddah_like,HOLD,0,1.218,25.89,False,462.3,95.1,0.4,0.776,0.828,0.1,47,1.439,0.041,0,2.462,0.075,0
holdout_jeddah_like,FULL_DEPLOY,0,1.686,6.61,False,729.2,103.4,0.4,0.906,0.665,0.315,43,1.918,0.0,1,2.643,0.236,2
holdout_jeddah_like,HARVEST,0,1.544,-1.12,True,552.9,129.3,0.4,0.754,0.654,0.264,20,2.417,0.0,6,1.383,0.137,-1
holdout_jeddah_like,FULL_DEPLOY,1,0.629,23.06,True,431.5,177.6,0.4,0.844,0.759,0.382,31,1.238,0.175,0,0.847,-0.054,2
holdout_jeddah_like,PARTIAL_DEPLOY,0,1.399,19.82,False,646.3,146.0,0.4,0.66,0.819,0.436,6,3.388,0.0,0,2.176,0.199,1
holdout_jeddah_like,HOLD,0,0.914,6.31,True,727.3,157.3,0.4,0.597,0.778,0.247,17,1.238,0.175,2,1.917,-0.108,0
holdout_jeddah_like,FULL_DEPLOY,0,0.69,-1.09,True,394.4,174.2,0.4,0.553,0.864,0.276,14,1.293,0.138,4,2.491,-0.039,2
holdout_jeddah_like,HARVEST,0,0.263,20.77,False,577.1,148.7,0.4,0.612,0.915,0.108,34,1.055,0.297,4,2.417,0.075,-1
holdout_jeddah_like,FULL_DEPLOY,0,0.825,14.37,False,436.1,148.9,0.4,0.57,0.537,0.304,33,3.401,0.0,2,0.223,-0.019,2
holdout_jeddah_like,HARVEST,0,1.693,6.68,True,865.5,157.3,0.4,0.7,0.897,0.21,48,1.752,0.0,2,1.114,-0.058,-1
holdout_jeddah_like,HOLD,0,1.796,-3.57,False,432.2,157.3,0.4,0.946,0.785,0.105,9,0.263,0.825,2,2.298,0.015,0
holdout_jeddah_like,HARVEST,0,0.303,19.18,False,691.9,163.9,0.4,0.69,0.7,0.301,44,0.622,0.585,4,1.22,0.543,-1
holdout_jeddah_like,PARTIAL_DEPLOY,0,1.943,20.29,False,420.0,140.1,0.4,0.894,0.803,0.232,21,1.967,0.0,0,2.76,-0.235,1
holdout_jeddah_like,PARTIAL_DEPLOY,0,0.856,17.45,True,652.1,157.4,0.4,0.551,0.753,0.361,2,2.926,0.0,6,1.162,-0.213,1
holdout_jeddah_like,HARVEST,0,1.254,-2.74,True,490.7,151.0,0.4,0.661,0.543,0.173,50,0.662,0.559,1,2.082,0.084,-1
holdout_jeddah_like,HOLD,0,1.083,17.54,False,601.7,132.8,0.4,0.726,0.695,0.202,21,2.08,0.0,0,1.548,-0.11,0
holdout_jeddah_like,HOLD,1,1.313,5.71,False,396.0,134.3,0.4,0.685,0.685,0.275,10,2.568,0.0,6,1.83,0.094,0
holdout_jeddah_like,FULL_DEPLOY,0,1.899,19.29,True,255.1,100.1,0.4,0.634,0.767,0.237,4,2.358,0.0,0,0.545,-0.076,2
holdout_jeddah_like,HOLD,0,1.556,16.51,True,406.2,149.3,0.4,0.828,0.718,0.119,24,1.692,0.0,4,1.143,-0.316,0
holdout_jeddah_like,FULL_DEPLOY,0,0.687,8.77,True,656.6,148.4,0.4,0.737,0.779,0.176,16,3.026,0.0,4,1.227,-0.177,2
holdout_jeddah_like,PARTIAL_DEPLOY,1,1.023,15.92,False,435.4,148.8,0.4,0.711,0.57,0.409,34,2.73,0.0,2,1.959,0.18,1
holdout_jeddah_like,HOLD,0,1.509,17.93,False,616.2,117.2,0.4,0.551,0.508,0.091,26,2.843,0.0,3,1.974,0.266,0
holdout_jeddah_like,FULL_DEPLOY,0,1.469,23.23,False,626.3,121.4,0.4,0.678,0.653,0.067,46,0.837,0.442,2,1.244,-0.017,2
holdout_jeddah_like,HOLD,0,1.256,8.59,True,509.0,131.4,0.4,0.796,0.514,0.389,49,0.457,0.695,5,0.299,-0.194,0
holdout_jeddah_like,HARVEST,0,1.029,10.14,False,672.0,151.2,0.4,0.709,0.817,0.094,52,1.342,0.105,6,2.386,-0.06,-1
holdout_jeddah_like,FULL_DEPLOY,1,0.946,18.69,True,328.8,107.8,0.4,0.721,0.95,0.197,44,2.805,0.0,5,1.676,-0.194,2
holdout_jeddah_like,HOLD,0,1.115,2.5,False,656.3,121.1,0.4,0.593,0.587,0.053,18,0.745,0.503,4,1.511,-0.03,0
holdout_jeddah_like,HOLD,1,0.921,24.79,False,479.6,118.2,0.4,0.835,0.827,0.216,50,2.889,0.0,0,2.862,-0.058,0
holdout_jeddah_like,HARVEST,0,1.362,27.0,False,569.4,146.6,0.4,0.887,0.752,0.111,53,0.186,0.876,1,2.928,0.189,-1
holdout_jeddah_like,HOLD,0,1.804,11.48,False,855.2,113.8,0.4,0.861,0.531,0.405,49,1.879,0.0,3,2.829,0.29,0
holdout_jeddah_like,HOLD,0,1.614,0.82,True,477.5,104.3,0.4,0.701,0.915,0.284,51,2.282,0.0,4,2.457,-0.148,0
holdout_jeddah_like,PARTIAL_DEPLOY,1,0.849,21.54,True,657.6,176.7,0.4,0.802,0.623,0.416,45,0.83,0.447,2,2.122,-0.067,1
holdout_jeddah_like,HARVEST,0,1.615,19.06,False,571.1,97.7,0.4,0.703,0.703,0.254,2,2.436,0.0,1,0.362,-0.307,-1
holdout_jeddah_like,HOLD,1,0.945,28.29,True,479.6,117.1,0.4,0.59,0.85,0.162,32,3.293,0.0,2,1.27,0.032,0
holdout_jeddah_like,HOLD,1,0.477,6.33,False,608.8,129.9,0.4,0.767,0.91,0.055,1,1.828,0.0,6,1.306,-0.057,0
holdout_jeddah_like,HARVEST,0,1.984,18.15,True,866.8,99.8,0.4,0.767,0.849,0.201,48,2.153,0.0,0,1.553,-0.173,-1
holdout_jeddah_like,FULL_DEPLOY,1,0.453,-1.72,True,513.6,136.5,0.4,0.774,0.796,0.091,25,2.867,0.0,1,0.325,0.239,2
holdout_jeddah_like,PARTIAL_DEPLOY,0,1.343,22.85,True,403.1,128.6,0.4,0.669,0.765,0.083,3,1.198,0.201,5,2.308,-0.031,1
holdout_jeddah_like,PARTIAL_DEPLOY,0,1.613,14.92,False,502.1,148.1,0.4,0.642,0.559,0.376,8,2.498,0.0,4,1.462,-0.327,1
holdout_jeddah_like,PARTIAL_DEPLOY,0,1.161,-1.51,True,612.3,139.0,0.4,0.782,0.709,0.054,18,0.696,0.536,2,2.782,0.138,1
holdout_jeddah_like,HOLD,0,1.584,6.93,True,573.5,100.2,0.4,0.779,0.918,0.06,46,1.834,0.0,2,2.419,-0.106,0
holdout_jeddah_like,HOLD,0,0.478,29.78,True,542.5,158.0,0.4,0.881,0.586,0.386,41,0.381,0.746,3,1.214,0.024,0
holdout_jeddah_like,FULL_DEPLOY,1,0.692,27.14,True,596.3,121.1,0.4,0.56,0.573,0.083,4,3.185,0.0,6,0.448,0.3,2
holdout_jeddah_like,PARTIAL_DEPLOY,0,0.799,28.3,False,490.3,133.4,0.4,0.781,0.919,0.186,49,3.032,0.0,3,0.48,0.074,1
holdout_jeddah_like,HARVEST,0,0.465,7.09,True,815.3,117.3,0.4,0.602,0.91,0.329,1,1.222,0.185,3,0.909,-0.232,-1
holdout_jeddah_like,PARTIAL_DEPLOY,1,0.497,10.69,False,313.6,100.4,0.4,0.773,0.844,0.211,30,3.043,0.0,3,2.602,0.162,1
holdout_jeddah_like,FULL_DEPLOY,0,1.385,18.39,True,772.9,158.4,0.4,0.568,0.602,0.156,51,1.529,0.0,6,2.223,0.163,2
holdout_jeddah_like,PARTIAL_DEPLOY,1,1.99,6.91,False,649.9,117.2,0.4,0.662,0.74,0.067,20,2.483,0.0,3,2.231,0.02,1
holdout_jeddah_like,PARTIAL_DEPLOY,1,0.835,24.98,False,575.6,143.5,0.4,0.889,0.901,0.194,38,2.542,0.0,2,2.448,0.055,1
holdout_jeddah_like,FULL_DEPLOY,0,1.911,15.16,True,588.7,169.3,0.4,0.695,0.803,0.19,22,1.669,0.0,4,1.783,-0.116,2
holdout_jeddah_like,HOLD,0,0.662,6.82,False,442.8,142.2,0.4,0.794,0.616,0.324,34,3.018,0.0,5,1.367,-0.305,0
holdout_jeddah_like,HOLD,0,1.852,28.39,False,427.8,126.7,0.4,0.637,0.559,0.214,36,1.72,0.0,4,2.349,-0.202,0
holdout_jeddah_like,PARTIAL_DEPLOY,1,0.99,21.49,True,292.8,103.0,0.4,0.639,0.711,0.123,48,2.847,0.0,3,0.395,-0.148,1
holdout_jeddah_like,HOLD,0,1.978,-0.69,False,500.7,127.7,0.4,0.625,0.857,0.213,42,3.215,0.0,2,0.765,0.035,0
holdout_jeddah_like,HARVEST,0,1.597,2.55,False,565.4,92.0,0.4,0.71,0.819,0.061,55,3.337,0.0,3,1.785,0.161,-1
holdout_jeddah_like,HARVEST,1,0.858,7.03,True,512.2,120.7,0.4,0.765,0.676,0.361,39,1.139,0.241,1,1.616,0.015,-1
holdout_jeddah_like,FULL_DEPLOY,0,1.737,4.27,True,614.0,137.9,0.4,0.862,0.653,0.093,38,2.248,0.0,6,2.439,-0.16,2
holdout_jeddah_like,PARTIAL_DEPLOY,0,1.819,13.53,True,437.2,112.3,0.4,0.728,0.842,0.171,9,1.342,0.105,6,0.284,-0.498,1
holdout_jeddah_like,FULL_DEPLOY,0,1.134,-4.04,True,576.7,101.7,0.4,0.599,0.899,0.417,3,3.167,0.0,0,1.94,0.265,2
holdout_jeddah_like,FULL_DEPLOY,0,1.853,28.3,False,419.6,149.6,0.4,0.766,0.712,0.26,31,0.642,0.572,4,1.592,0.143,2
holdout_jeddah_like,HOLD,0,1.631,14.86,False,677.6,132.7,0.4,0.817,0.677,0.17,28,0.128,0.915,1,2.329,0.327,0
holdout_jeddah_like,HARVEST,0,0.716,19.56,True,503.6,133.9,0.4,0.685,0.536,0.426,10,2.416,0.0,5,2.169,0.001,-1
holdout_jeddah_like,PARTIAL_DEPLOY,0,0.665,28.15,True,522.0,102.4,0.4,0.896,0.531,0.397,18,1.48,0.013,1,2.648,0.232,1
holdout_jeddah_like,PARTIAL_DEPLOY,0,0.425,18.83,False,773.0,112.8,0.4,0.618,0.523,0.397,26,0.288,0.808,4,2.744,-0.177,1
holdout_jeddah_like,HOLD,0,0.483,15.05,True,629.3,111.4,0.4,0.772,0.679,0.333,1,1.549,0.0,6,0.446,-0.033,0
holdout_jeddah_like,HOLD,0,0.356,11.99,True,712.6,149.7,0.4,0.687,0.817,0.298,30,0.124,0.917,2,0.324,0.167,0
holdout_jeddah_like,FULL_DEPLOY,0,1.372,-4.03,True,621.0,100.7,0.4,0.775,0.747,0.338,9,0.91,0.393,5,0.618,0.047,2
holdout_jeddah_like,HOLD,0,1.533,15.49,True,435.4,143.4,0.4,0.591,0.741,0.425,24,3.209,0.0,6,0.55,-0.124,0
holdout_jeddah_like,FULL_DEPLOY,1,0.258,16.05,False,688.5,164.7,0.4,0.734,0.813,0.094,51,3.375,0.0,1,1.037,-0.127,2
holdout_jeddah_like,HOLD,0,0.832,7.1,True,289.3,173.3,0.4,0.645,0.532,0.17,37,3.338,0.0,6,2.762,-0.021,0
holdout_jeddah_like,FULL_DEPLOY,0,1.446,11.14,True,551.2,147.2,0.4,0.629,0.898,0.394,40,3.149,0.0,4,1.587,-0.168,2
holdout_jeddah_like,HARVEST,0,0.741,9.21,False,367.4,117.7,0.4,0.908,0.89,0.309,54,0.633,0.578,4,0.331,0.055,-1
holdout_jeddah_like,HARVEST,0,1.317,-0.61,True,801.1,146.4,0.4,0.838,0.755,0.054,5,1.524,0.0,2,1.552,-0.384,-1
holdout_jeddah_like,FULL_DEPLOY,0,0.826,22.27,False,560.8,102.5,0.4,0.696,0.767,0.419,15,1.503,0.0,4,0.847,-0.069,2
holdout_jeddah_like,HARVEST,0,1.834,18.76,True,568.7,100.2,0.4,0.734,0.869,0.208,5,0.979,0.347,6,1.119,0.48,-1
holdout_jeddah_like,HARVEST,0,1.091,-0.59,False,435.2,110.0,0.4,0.942,0.775,0.444,18,1.624,0.0,2,0.658,-0.254,-1
holdout_jeddah_like,PARTIAL_DEPLOY,0,1.271,18.95,False,380.5,174.1,0.4,0.943,0.612,0.288,51,0.674,0.551,3,2.354,0.027,1
holdout_jeddah_like,HOLD,0,0.865,-4.63,False,658.7,102.9,0.4,0.775,0.759,0.331,41,0.289,0.807,2,2.559,-0.333,0
holdout_jeddah_like,PARTIAL_DEPLOY,0,0.377,12.61,True,539.6,113.4,0.4,0.925,0.821,0.164,42,0.945,0.37,3,1.934,-0.177,1
holdout_jeddah_like,FULL_DEPLOY,0,0.941,7.73,False,410.1,175.1,0.4,0.64,0.588,0.432,44,2.054,0.0,4,0.254,-0.058,2
holdout_jeddah_like,HOLD,0,1.603,19.11,True,323.6,120.1,0.4,0.629,0.872,0.38,7,3.133,0.0,1,0.255,0.06,0
holdout_jeddah_like,HOLD,1,0.196,29.5,True,564.1,99.1,0.4,0.621,0.632,0.24,17,0.174,0.884,4,1.708,0.134,0
holdout_jeddah_like,HOLD,0,0.537,-3.43,False,487.2,163.9,0.4,0.681,0.868,0.245,6,1.343,0.105,2,1.108,0.061,0
holdout_jeddah_like,PARTIAL_DEPLOY,1,1.305,19.44,True,511.3,103.7,0.4,0.809,0.809,0.17,22,1.437,0.042,0,0.42,-0.14,1
holdout_jeddah_like,HARVEST,0,0.35,3.14,False,718.8,136.5,0.4,0.785,0.88,0.379,47,3.411,0.0,2,2.73,0.051,-1
holdout_jeddah_like,PARTIAL_DEPLOY,0,1.261,3.89,False,750.7,96.2,0.4,0.835,0.712,0.183,32,3.018,0.0,2,1.202,0.403,1
holdout_jeddah_like,HOLD,0,0.43,13.02,False,702.8,91.6,0.4,0.864,0.554,0.214,55,2.997,0.0,5,2.075,-0.025,0
holdout_jeddah_like,FULL_DEPLOY,0,0.551,-0.4,False,517.6,90.1,0.4,0.724,0.533,0.067,10,0.286,0.809,4,1.775,-0.273,2
holdout_jeddah_like,FULL_DEPLOY,1,1.232,11.12,True,588.6,176.8,0.4,0.56,0.92,0.067,49,2.116,0.0,0,0.324,0.13,2
holdout_jeddah_like,HARVEST,0,1.714,20.64,False,422.0,133.7,0.4,0.755,0.725,0.089,39,0.804,0.464,2,2.438,0.232,-1
holdout_jeddah_like,HOLD,0,1.154,-1.01,False,366.8,121.7,0.4,0.761,0.808,0.423,39,0.256,0.829,2,1.958,0.042,0
holdout_jeddah_like,HOLD,0,0.822,1.16,True,425.4,133.1,0.4,0.612,0.72,0.38,47,2.27,0.0,4,0.514,-0.195,0
holdout_jeddah_like,HOLD,0,0.97,7.31,True,445.8,155.2,0.4,0.862,0.932,0.139,50,1.461,0.026,3,2.866,0.03,0
holdout_jeddah_like,PARTIAL_DEPLOY,0,0.296,3.94,False,524.1,144.7,0.4,0.632,0.708,0.082,25,1.735,0.0,4,0.299,-0.224,1
holdout_jeddah_like,FULL_DEPLOY,1,0.808,25.39,True,480.9,128.2,0.4,0.692,0.52,0.318,51,1.343,0.105,3,0.78,0.005,2
holdout_jeddah_like,HARVEST,0,1.841,17.95,True,873.1,173.9,0.4,0.557,0.515,0.19,54,3.369,0.0,3,1.128,0.038,-1
holdout_jeddah_like,FULL_DEPLOY,1,1.016,3.47,False,692.3,140.1,0.4,0.593,0.852,0.386,7,1.362,0.092,4,1.545,0.137,2
holdout_jeddah_like,HARVEST,0,0.363,8.12,False,791.2,120.3,0.4,0.56,0.526,0.187,38,3.475,0.0,4,2.982,-0.056,-1
holdout_jeddah_like,HOLD,1,1.179,12.36,False,564.7,102.2,0.4,0.701,0.676,0.055,52,2.798,0.0,2,0.896,0.238,0
holdout_jeddah_like,HARVEST,0,0.653,5.95,False,769.7,145.7,0.4,0.64,0.508,0.327,46,1.045,0.303,3,2.976,-0.263,-1
holdout_jeddah_like,PARTIAL_DEPLOY,1,0.885,8.56,True,451.3,99.0,0.4,0.792,0.67,0.108,10,1.638,0.0,2,1.969,0.003,1
holdout_jeddah_like,HOLD,0,0.526,28.39,True,581.0,124.4,0.4,0.737,0.884,0.44,7,0.727,0.515,0,2.046,-0.324,0
holdout_jeddah_like,HARVEST,0,1.854,24.78,True,751.0,91.1,0.4,0.578,0.681,0.067,35,2.824,0.0,6,0.703,-0.316,-1
holdout_jeddah_like,PARTIAL_DEPLOY,0,1.023,16.5,False,467.3,124.3,0.4,0.627,0.537,0.106,26,2.179,0.0,6,1.745,0.15,1
holdout_jeddah_like,HOLD,0,0.128,0.6,False,520.7,138.3,0.4,0.885,0.586,0.078,30,0.898,0.401,0,1.041,-0.107,0
holdout_jeddah_like,HARVEST,0,1.835,-3.9,True,642.7,151.1,0.4,0.803,0.865,0.418,51,0.513,0.658,6,0.896,-0.02,-1
holdout_jeddah_like,PARTIAL_DEPLOY,1,0.963,22.39,True,266.1,101.2,0.4,0.591,0.761,0.37,9,2.594,0.0,6,2.854,-0.003,1
holdout_jeddah_like,PARTIAL_DEPLOY,0,1.48,9.32,False,489.0,159.9,0.4,0.666,0.936,0.138,6,1.055,0.297,1,2.316,-0.096,1
holdout_jeddah_like,HARVEST,0,0.693,28.21,True,750.7,104.1,0.4,0.804,0.7,0.285,1,1.153,0.231,3,0.308,0.16,-1
holdout_jeddah_like,HARVEST,1,1.633,26.6,True,556.0,116.6,0.4,0.877,0.706,0.135,2,0.773,0.485,2,2.466,-0.266,-1
holdout_jeddah_like,FULL_DEPLOY,0,0.338,21.76,True,460.4,114.2,0.4,0.572,0.827,0.061,14,3.017,0.0,3,0.943,-0.192,2
holdout_jeddah_like,FULL_DEPLOY,0,0.107,27.99,True,416.2,99.6,0.4,0.642,0.837,0.45,19,0.402,0.732,6,1.964,0.075,2
holdout_jeddah_like,HARVEST,0,0.526,9.93,False,339.6,153.3,0.4,0.773,0.656,0.42,26,0.921,0.386,5,2.542,0.383,-1
holdout_jeddah_like,PARTIAL_DEPLOY,1,0.661,22.54,True,796.1,110.3,0.4,0.565,0.919,0.059,18,1.599,0.0,4,1.32,-0.332,1
holdout_jeddah_like,PARTIAL_DEPLOY,0,1.067,13.09,True,640.5,162.7,0.4,0.56,0.524,0.407,52,1.693,0.0,6,0.401,-0.09,1
holdout_jeddah_like,FULL_DEPLOY,0,0.695,26.76,False,582.2,162.8,0.4,0.876,0.92,0.228,7,0.476,0.683,0,1.439,-0.302,2
holdout_jeddah_like,HARVEST,0,0.628,-4.17,False,535.8,175.0,0.4,0.874,0.65,0.287,29,1.05,0.3,1,0.853,0.166,-1
holdout_jeddah_like,FULL_DEPLOY,0,1.971,27.4,True,441.5,104.6,0.4,0.777,0.549,0.36,2,2.883,0.0,5,0.856,0.0,2
holdout_jeddah_like,HARVEST,1,0.691,19.32,False,639.5,178.2,0.4,0.636,0.674,0.095,48,2.186,0.0,5,2.528,0.254,-1
holdout_jeddah_like,PARTIAL_DEPLOY,1,1.55,19.31,True,1031.4,135.6,0.4,0.837,0.569,0.417,51,2.637,0.0,4,2.504,0.11,1
holdout_jeddah_like,HOLD,0,1.688,0.37,True,622.4,149.7,0.4,0.654,0.535,0.42,16,1.03,0.313,1,2.415,-0.235,0
holdout_jeddah_like,FULL_DEPLOY,1,1.881,10.06,True,444.2,140.3,0.4,0.591,0.893,0.38,30,2.166,0.0,0,2.666,0.078,2
holdout_jeddah_like,HOLD,0,1.875,7.98,True,516.9,143.3,0.4,0.828,0.702,0.091,19,2.353,0.0,5,2.008,0.13,0
holdout_jeddah_like,HOLD,0,0.576,-0.37,False,561.4,178.4,0.4,0.84,0.944,0.209,48,2.083,0.0,1,1.214,0.266,0
holdout_jeddah_like,PARTIAL_DEPLOY,1,0.145,27.34,True,594.4,97.2,0.4,0.933,0.869,0.317,48,0.288,0.808,6,1.115,0.021,1
holdout_jeddah_like,HOLD,0,1.168,22.57,False,575.6,157.2,0.4,0.801,0.537,0.429,55,0.885,0.41,0,2.083,-0.103,0
holdout_jeddah_like,PARTIAL_DEPLOY,0,1.365,8.14,False,764.9,175.5,0.4,0.915,0.869,0.391,31,0.535,0.643,5,2.81,0.096,1
holdout_jeddah_like,HARVEST,1,1.038,26.11,False,602.3,175.4,0.4,0.648,0.946,0.392,24,3.396,0.0,5,1.373,-0.082,-1
holdout_jeddah_like,HOLD,0,1.77,-4.27,True,760.7,125.8,0.4,0.665,0.716,0.075,41,2.233,0.0,5,0.825,0.158,0
holdout_jeddah_like,HARVEST,0,1.412,10.27,True,567.7,135.6,0.4,0.677,0.782,0.286,27,2.982,0.0,3,0.967,0.058,-1
holdout_jeddah_like,HARVEST,0,1.455,20.7,False,631.5,171.0,0.4,0.61,0.899,0.372,52,1.644,0.0,0,0.689,-0.015,-1
holdout_jeddah_like,PARTIAL_DEPLOY,0,1.707,0.79,True,478.1,106.7,0.4,0.796,0.843,0.153,44,1.869,0.0,6,2.892,0.105,1
holdout_jeddah_like,FULL_DEPLOY,0,1.064,25.52,False,784.1,110.0,0.4,0.569,0.616,0.292,34,0.183,0.878,4,1.599,0.158,2
holdout_jeddah_like,HARVEST,0,1.565,26.84,False,619.0,105.0,0.4,0.743,0.716,0.294,11,3.236,0.0,4,0.474,0.183,-1
holdout_jeddah_like,FULL_DEPLOY,0,1.912,11.38,True,654.5,125.7,0.4,0.84,0.597,0.126,33,1.11,0.26,4,2.43,0.289,2
holdout_jeddah_like,FULL_DEPLOY,0,0.99,2.96,True,667.3,172.5,0.4,0.779,0.771,0.194,32,2.999,0.0,2,2.338,0.466,2
holdout_jeddah_like,PARTIAL_DEPLOY,1,1.468,4.43,True,756.9,178.9,0.4,0.935,0.705,0.137,34,1.547,0.0,2,1.3,0.118,1
holdout_jeddah_like,HOLD,0,0.793,14.45,False,304.9,104.4,0.4,0.633,0.858,0.267,24,1.453,0.031,1,0.29,0.294,0
holdout_jeddah_like,HOLD,1,1.294,29.8,False,443.7,171.8,0.4,0.896,0.86,0.066,31,2.422,0.0,4,1.669,-0.01,0
holdout_jeddah_like,FULL_DEPLOY,0,1.965,21.69,True,656.6,121.4,0.4,0.624,0.712,0.053,40,1.627,0.0,0,1.741,0.146,2
holdout_jeddah_like,HARVEST,1,0.93,20.08,True,468.7,108.8,0.4,0.708,0.53,0.3,47,1.213,0.191,2,0.456,-0.321,-1
holdout_jeddah_like,HARVEST,1,0.161,-0.98,True,522.1,138.4,0.4,0.652,0.558,0.222,12,0.807,0.462,0,0.236,-0.579,-1
holdout_jeddah_like,HOLD,0,0.712,0.37,False,578.1,107.1,0.4,0.659,0.564,0.378,18,0.771,0.486,3,1.127,0.31,0
holdout_jeddah_like,HOLD,0,1.714,14.61,False,621.1,100.1,0.4,0.716,0.678,0.1,54,3.159,0.0,3,1.914,0.116,0
holdout_monaco_like,HARVEST,0,0.573,25.03,True,129.6,174.9,0.92,0.706,0.696,0.156,30,0.115,0.923,5,1.73,0.15,-1
holdout_monaco_like,HARVEST,0,0.725,17.96,True,386.5,116.9,0.92,0.782,0.686,0.327,34,0.112,0.925,1,1.028,0.016,-1
holdout_monaco_like,FULL_DEPLOY,1,1.269,29.24,True,118.9,101.0,0.92,0.885,0.819,0.199,45,0.931,0.379,1,0.573,-0.342,2
holdout_monaco_like,HOLD,0,1.97,17.68,False,50,111.2,0.92,0.918,0.833,0.432,55,2.525,0.0,3,2.986,0.083,0
holdout_monaco_like,HOLD,0,1.232,-3.36,True,250.2,104.3,0.92,0.68,0.728,0.224,12,1.674,0.0,5,1.721,0.119,0
holdout_monaco_like,FULL_DEPLOY,0,0.625,15.56,False,113.8,91.8,0.92,0.913,0.661,0.411,52,1.825,0.0,5,2.326,-0.374,2
holdout_monaco_like,PARTIAL_DEPLOY,0,1.671,-0.41,False,262.4,153.2,0.92,0.934,0.846,0.314,24,2.127,0.0,1,0.327,-0.119,1
holdout_monaco_like,PARTIAL_DEPLOY,0,0.945,15.99,False,50,97.9,0.92,0.822,0.853,0.446,52,1.964,0.0,0,2.184,0.012,1
holdout_monaco_like,FULL_DEPLOY,0,1.761,6.38,False,559.7,90.1,0.92,0.778,0.901,0.193,34,2.039,0.0,0,2.434,0.419,2
holdout_monaco_like,HOLD,0,0.445,22.18,True,237.9,153.8,0.92,0.788,0.669,0.053,33,0.766,0.489,3,1.411,-0.001,0
holdout_monaco_like,HOLD,0,0.113,29.59,True,95.2,100.5,0.92,0.649,0.877,0.292,41,1.729,0.0,6,2.568,0.06,0
holdout_monaco_like,PARTIAL_DEPLOY,0,1.422,27.73,False,200.5,167.1,0.92,0.638,0.734,0.244,35,3.099,0.0,5,1.188,0.114,1
holdout_monaco_like,FULL_DEPLOY,0,1.074,-1.33,False,144.3,141.8,0.92,0.708,0.609,0.335,37,0.129,0.914,0,1.517,0.146,2
holdout_monaco_like,PARTIAL_DEPLOY,0,1.585,5.94,False,152.7,147.8,0.92,0.651,0.86,0.161,55,3.374,0.0,3,1.328,0.101,1
holdout_monaco_like,FULL_DEPLOY,0,1.316,27.42,True,178.5,164.7,0.92,0.947,0.549,0.206,52,2.594,0.0,1,1.154,0.34,2
holdout_monaco_like,PARTIAL_DEPLOY,0,1.914,17.29,False,50,156.7,0.92,0.735,0.773,0.363,28,1.337,0.109,6,1.08,-0.142,1
holdout_monaco_like,PARTIAL_DEPLOY,0,0.892,29.52,False,50,179.6,0.92,0.637,0.638,0.066,54,3.348,0.0,1,0.359,0.169,1
holdout_monaco_like,FULL_DEPLOY,0,0.985,8.58,False,228.5,151.7,0.92,0.894,0.642,0.06,41,0.109,0.927,4,1.697,-0.089,2
holdout_monaco_like,PARTIAL_DEPLOY,0,0.637,3.27,True,50,101.7,0.92,0.772,0.807,0.067,12,0.862,0.425,6,2.999,-0.134,1
holdout_monaco_like,PARTIAL_DEPLOY,1,0.472,11.05,True,362.5,150.4,0.92,0.682,0.553,0.299,10,0.992,0.339,5,0.35,0.067,1
holdout_monaco_like,FULL_DEPLOY,1,0.242,9.84,False,300.3,153.9,0.92,0.676,0.655,0.231,3,3.205,0.0,1,0.303,-0.174,2
holdout_monaco_like,FULL_DEPLOY,0,1.951,4.29,False,239.6,122.4,0.92,0.66,0.712,0.207,50,0.644,0.571,4,1.778,0.242,2
holdout_monaco_like,HOLD,0,1.007,20.63,False,223.2,129.4,0.92,0.712,0.908,0.118,10,3.182,0.0,4,2.018,-0.148,0
holdout_monaco_like,PARTIAL_DEPLOY,1,0.638,14.51,True,50,150.4,0.92,0.925,0.667,0.18,22,2.074,0.0,0,0.553,-0.262,1
holdout_monaco_like,FULL_DEPLOY,1,1.047,21.89,False,50,109.5,0.92,0.808,0.72,0.393,13,2.06,0.0,4,0.373,-0.4,2
holdout_monaco_like,HOLD,1,1.419,23.87,True,50,123.9,0.92,0.814,0.869,0.107,28,3.125,0.0,4,0.249,0.12,0
holdout_monaco_like,FULL_DEPLOY,0,0.812,6.8,True,355.0,93.3,0.92,0.807,0.912,0.06,47,0.328,0.781,2,2.099,0.21,2
holdout_monaco_like,HOLD,1,0.58,16.41,True,195.0,143.9,0.92,0.908,0.911,0.203,47,0.351,0.766,5,0.742,0.024,0
holdout_monaco_like,HARVEST,0,1.507,0.51,False,192.6,100.1,0.92,0.89,0.601,0.242,11,0.689,0.541,3,0.318,-0.268,-1
holdout_monaco_like,HOLD,0,1.339,10.56,True,215.8,130.9,0.92,0.572,0.629,0.274,32,2.6,0.0,4,2.69,0.103,0
holdout_monaco_like,HARVEST,0,0.86,0.28,False,50,156.8,0.92,0.934,0.941,0.117,37,1.982,0.0,2,0.924,-0.036,-1
holdout_monaco_like,HOLD,0,1.507,4.48,True,50,166.0,0.92,0.717,0.812,0.058,28,3.113,0.0,2,1.432,-0.052,0
holdout_monaco_like,PARTIAL_DEPLOY,0,0.436,11.14,True,50,134.5,0.92,0.912,0.617,0.227,52,2.469,0.0,4,0.963,0.032,1
holdout_monaco_like,HARVEST,0,1.989,-1.98,False,303.4,136.3,0.92,0.793,0.929,0.111,20,0.627,0.582,4,0.372,-0.195,-1
holdout_monaco_like,FULL_DEPLOY,0,1.405,-2.51,False,95.6,92.4,0.92,0.687,0.89,0.08,34,3.301,0.0,0,1.137,0.07,2
holdout_monaco_like,HOLD,0,0.241,24.38,False,50,124.0,0.92,0.95,0.936,0.281,24,2.262,0.0,1,1.505,-0.422,0
holdout_monaco_like,PARTIAL_DEPLOY,1,0.354,18.96,True,50,97.5,0.92,0.71,0.508,0.281,6,3.422,0.0,4,2.107,0.218,1
holdout_monaco_like,HARVEST,0,0.995,19.22,False,87.0,151.7,0.92,0.744,0.904,0.197,3,1.73,0.0,5,0.49,0.214,-1
holdout_monaco_like,PARTIAL_DEPLOY,0,0.53,9.86,True,50,124.1,0.92,0.83,0.792,0.167,6,2.377,0.0,2,2.928,0.155,1
holdout_monaco_like,HARVEST,0,0.197,11.41,False,336.5,134.7,0.92,0.845,0.513,0.121,24,0.263,0.825,2,2.062,-0.11,-1
holdout_monaco_like,HOLD,0,1.436,16.62,True,374.1,145.8,0.92,0.904,0.664,0.3,39,1.709,0.0,5,1.49,0.022,0
holdout_monaco_like,HOLD,0,1.749,9.78,False,50,157.4,0.92,0.731,0.639,0.383,11,1.278,0.148,3,2.057,-0.144,0
holdout_monaco_like,HOLD,0,0.207,-2.08,True,50,129.7,0.92,0.566,0.857,0.322,24,0.416,0.723,1,0.867,0.259,0
holdout_monaco_like,FULL_DEPLOY,0,1.6,22.87,True,50,141.6,0.92,0.863,0.774,0.202,8,2.628,0.0,3,2.348,0.246,2
holdout_monaco_like,HARVEST,0,1.636,11.02,False,286.5,116.8,0.92,0.839,0.732,0.082,18,2.1,0.0,0,1.643,0.055,-1
holdout_monaco_like,FULL_DEPLOY,0,0.425,20.71,False,419.5,130.0,0.92,0.656,0.512,0.297,36,1.585,0.0,1,0.924,0.016,2
holdout_monaco_like,HARVEST,0,0.285,-0.92,False,368.5,123.5,0.92,0.827,0.532,0.264,27,2.403,0.0,4,1.907,0.109,-1
holdout_monaco_like,HOLD,0,0.245,7.49,False,50,100.6,0.92,0.816,0.524,0.314,47,2.461,0.0,5,0.97,0.227,0
holdout_monaco_like,HARVEST,0,1.781,0.17,False,137.2,177.1,0.92,0.748,0.92,0.053,55,1.228,0.181,4,2.513,0.184,-1
holdout_monaco_like,FULL_DEPLOY,0,1.851,14.18,True,50,144.9,0.92,0.937,0.884,0.372,31,3.404,0.0,2,1.905,-0.211,2
holdout_monaco_like,PARTIAL_DEPLOY,0,0.432,3.68,True,340.6,172.7,0.92,0.823,0.944,0.402,6,0.992,0.339,0,1.482,0.194,1
holdout_monaco_like,PARTIAL_DEPLOY,0,1.621,16.75,False,151.1,128.1,0.92,0.896,0.878,0.298,33,1.863,0.0,4,1.474,0.244,1
holdout_monaco_like,PARTIAL_DEPLOY,0,0.657,6.53,True,50,96.2,0.92,0.661,0.552,0.294,9,2.555,0.0,4,2.975,0.05,1
holdout_monaco_like,HARVEST,0,1.413,28.69,True,134.1,152.6,0.92,0.683,0.946,0.445,38,0.81,0.46,3,2.708,-0.047,-1
holdout_monaco_like,PARTIAL_DEPLOY,0,1.699,13.48,False,50,154.7,0.92,0.818,0.683,0.418,5,3.436,0.0,3,1.752,0.02,1
holdout_monaco_like,HOLD,0,1.749,-2.83,False,285.3,131.9,0.92,0.813,0.651,0.151,2,3.046,0.0,1,0.486,0.306,0
holdout_monaco_like,PARTIAL_DEPLOY,0,0.558,-3.15,False,240.5,169.6,0.92,0.81,0.838,0.247,35,1.507,0.0,5,0.653,-0.031,1
holdout_monaco_like,HOLD,0,1.737,22.99,True,440.4,146.3,0.92,0.634,0.814,0.247,55,0.732,0.512,3,1.711,0.129,0
holdout_monaco_like,PARTIAL_DEPLOY,0,1.424,5.46,False,50,123.9,0.92,0.691,0.647,0.383,6,1.878,0.0,0,0.663,-0.016,1
holdout_monaco_like,HOLD,0,0.244,1.0,False,50,153.4,0.92,0.702,0.763,0.415,21,2.936,0.0,4,0.963,-0.268,0
holdout_monaco_like,PARTIAL_DEPLOY,0,0.434,12.55,True,84.8,115.8,0.92,0.903,0.648,0.068,6,2.377,0.0,6,2.089,-0.231,1
holdout_monaco_like,FULL_DEPLOY,0,0.273,20.68,False,50,108.9,0.92,0.614,0.508,0.397,25,1.878,0.0,2,0.555,-0.38,2
holdout_monaco_like,FULL_DEPLOY,0,0.359,28.07,False,166.7,103.0,0.92,0.735,0.67,0.062,16,0.608,0.595,4,2.983,-0.126,2
holdout_monaco_like,FULL_DEPLOY,0,1.943,28.48,True,170.4,106.4,0.92,0.765,0.871,0.156,41,1.28,0.147,6,2.312,0.282,2
holdout_monaco_like,HOLD,0,0.75,9.88,True,50,166.6,0.92,0.731,0.79,0.357,4,0.966,0.356,1,1.151,-0.321,0
holdout_monaco_like,HOLD,0,1.574,2.72,False,305.9,164.2,0.92,0.618,0.655,0.42,29,3.237,0.0,0,1.074,0.08,0
holdout_monaco_like,HOLD,0,0.729,6.82,False,50,153.0,0.92,0.639,0.76,0.23,30,2.307,0.0,2,0.492,-0.043,0
holdout_monaco_like,HARVEST,0,0.783,15.43,False,352.0,167.8,0.92,0.71,0.79,0.143,26,2.961,0.0,6,1.161,-0.13,-1
holdout_monaco_like,PARTIAL_DEPLOY,0,1.518,10.09,False,212.8,146.1,0.92,0.578,0.81,0.163,39,1.223,0.185,4,1.503,0.304,1
holdout_monaco_like,FULL_DEPLOY,0,1.793,3.37,False,116.2,174.6,0.92,0.783,0.767,0.387,11,1.534,0.0,0,1.567,0.252,2
holdout_monaco_like,HARVEST,0,0.262,28.04,True,221.4,136.0,0.92,0.828,0.609,0.428,32,0.41,0.727,6,1.253,-0.116,-1
holdout_monaco_like,HARVEST,0,0.709,26.07,False,118.9,96.8,0.92,0.766,0.508,0.097,53,0.843,0.438,3,0.985,0.063,-1
holdout_monaco_like,HOLD,0,1.308,10.74,True,156.1,118.7,0.92,0.702,0.774,0.314,24,1.673,0.0,4,2.07,-0.076,0
holdout_monaco_like,PARTIAL_DEPLOY,0,1.262,7.98,True,516.0,170.2,0.92,0.68,0.792,0.325,25,0.556,0.629,5,1.968,-0.158,1
holdout_monaco_like,PARTIAL_DEPLOY,0,1.805,14.57,False,364.4,101.8,0.92,0.891,0.904,0.107,4,3.304,0.0,5,2.366,-0.109,1
holdout_monaco_like,HARVEST,1,0.849,5.97,False,50,144.9,0.92,0.834,0.542,0.383,24,1.771,0.0,5,1.028,0.214,-1
holdout_monaco_like,HOLD,1,1.0,8.5,False,142.4,136.2,0.92,0.86,0.564,0.43,13,2.897,0.0,2,2.113,0.134,0
holdout_monaco_like,HOLD,0,1.502,4.96,False,390.2,90.9,0.92,0.831,0.762,0.449,28,0.894,0.404,5,2.539,0.059,0
holdout_monaco_like,HARVEST,0,1.663,26.54,True,193.6,133.0,0.92,0.677,0.756,0.333,19,3.245,0.0,3,1.902,-0.105,-1
holdout_monaco_like,HOLD,0,1.818,6.37,True,231.2,97.8,0.92,0.91,0.539,0.437,8,0.793,0.471,2,2.275,-0.018,0
holdout_monaco_like,PARTIAL_DEPLOY,0,0.999,2.07,False,87.2,105.8,0.92,0.735,0.746,0.085,32,0.913,0.391,6,0.56,-0.196,1
holdout_monaco_like,HARVEST,0,1.777,19.77,True,64.8,179.5,0.92,0.566,0.63,0.394,36,0.217,0.855,4,1.672,-0.204,-1
holdout_monaco_like,HARVEST,0,1.199,18.71,True,88.0,164.2,0.92,0.593,0.759,0.286,33,0.624,0.584,5,0.807,0.099,-1
holdout_monaco_like,HOLD,1,0.279,28.57,True,499.3,128.8,0.92,0.895,0.679,0.072,20,3.411,0.0,5,2.664,0.439,0
holdout_monaco_like,HOLD,1,1.412,26.57,True,283.5,158.6,0.92,0.666,0.644,0.397,8,0.913,0.391,1,2.389,0.157,0
holdout_monaco_like,PARTIAL_DEPLOY,0,1.226,10.05,False,195.0,96.9,0.92,0.908,0.714,0.206,4,2.91,0.0,3,1.471,0.001,1
holdout_monaco_like,FULL_DEPLOY,1,0.389,-2.37,True,148.3,92.3,0.92,0.628,0.724,0.307,47,0.361,0.759,5,2.923,-0.1,2
holdout_monaco_like,FULL_DEPLOY,0,1.955,28.99,False,50,158.4,0.92,0.779,0.671,0.359,4,1.543,0.0,6,1.493,0.267,2
holdout_monaco_like,FULL_DEPLOY,0,0.855,16.16,False,316.7,109.6,0.92,0.734,0.513,0.093,44,1.182,0.212,6,0.225,0.258,2
holdout_monaco_like,PARTIAL_DEPLOY,0,1.346,14.58,True,179.0,106.4,0.92,0.669,0.88,0.37,26,1.248,0.168,4,2.379,-0.111,1
holdout_monaco_like,HOLD,0,1.284,17.79,True,50,165.7,0.92,0.747,0.564,0.39,21,3.205,0.0,6,2.139,0.279,0
holdout_monaco_like,PARTIAL_DEPLOY,1,0.777,29.96,True,50,145.8,0.92,0.596,0.759,0.218,2,3.377,0.0,2,1.654,0.17,1
holdout_monaco_like,HOLD,0,1.141,12.12,True,50,103.1,0.92,0.646,0.508,0.153,16,1.498,0.001,3,1.219,-0.109,0
holdout_monaco_like,FULL_DEPLOY,0,1.502,28.03,True,295.4,125.4,0.92,0.746,0.54,0.065,15,0.459,0.694,2,1.167,0.106,2
holdout_monaco_like,HARVEST,0,0.594,12.97,True,348.6,114.2,0.92,0.87,0.666,0.121,8,2.503,0.0,5,0.8,0.201,-1
holdout_monaco_like,FULL_DEPLOY,0,0.325,5.74,False,188.9,167.4,0.92,0.901,0.534,0.257,11,1.459,0.027,5,0.262,-0.091,2
holdout_monaco_like,FULL_DEPLOY,1,1.946,26.84,True,50,124.2,0.92,0.851,0.916,0.427,55,3.472,0.0,3,1.466,0.316,2
holdout_monaco_like,PARTIAL_DEPLOY,0,1.301,6.02,False,130.6,166.3,0.92,0.692,0.685,0.22,1,0.885,0.41,0,2.583,0.416,1
holdout_monaco_like,HOLD,0,0.389,22.14,False,293.0,142.8,0.92,0.913,0.809,0.326,42,3.015,0.0,6,1.446,-0.038,0
holdout_monaco_like,HOLD,0,1.117,18.03,False,76.4,174.8,0.92,0.68,0.806,0.23,51,2.091,0.0,2,0.282,-0.055,0
holdout_monaco_like,PARTIAL_DEPLOY,1,0.163,-1.03,True,237.6,167.1,0.92,0.851,0.926,0.146,53,1.894,0.0,2,1.774,-0.334,1
holdout_monaco_like,FULL_DEPLOY,0,0.164,19.19,True,380.0,133.8,0.92,0.778,0.821,0.281,46,0.522,0.652,6,0.707,0.147,2
holdout_monaco_like,FULL_DEPLOY,0,0.913,6.53,True,362.9,152.7,0.92,0.887,0.814,0.191,28,0.543,0.638,2,0.672,0.167,2
holdout_monaco_like,HARVEST,0,1.332,10.64,True,151.1,131.5,0.92,0.815,0.628,0.351,38,0.726,0.516,2,2.088,0.127,-1
holdout_monaco_like,HOLD,0,0.903,26.83,True,84.7,176.0,0.92,0.891,0.524,0.228,30,1.991,0.0,0,0.551,0.007,0
holdout_monaco_like,FULL_DEPLOY,0,0.87,-2.38,False,50,93.7,0.92,0.658,0.95,0.429,37,1.126,0.249,2,0.452,0.145,2
holdout_monaco_like,HOLD,0,0.695,7.27,True,424.9,138.8,0.92,0.806,0.718,0.32,52,1.704,0.0,2,2.606,-0.008,0
holdout_monaco_like,HOLD,0,0.192,-0.15,False,50,124.1,0.92,0.805,0.928,0.239,53,0.381,0.746,4,1.769,0.24,0
holdout_monaco_like,FULL_DEPLOY,0,1.924,18.63,True,101.6,154.9,0.92,0.551,0.827,0.098,27,0.505,0.663,2,2.812,-0.044,2
holdout_monaco_like,HARVEST,0,1.999,24.97,True,296.9,158.2,0.92,0.733,0.86,0.119,50,1.127,0.249,3,0.796,-0.039,-1
holdout_monaco_like,PARTIAL_DEPLOY,0,1.943,1.47,True,119.4,116.3,0.92,0.82,0.937,0.248,1,0.292,0.805,4,1.769,-0.226,1
holdout_monaco_like,PARTIAL_DEPLOY,0,1.87,0.49,False,208.3,155.4,0.92,0.772,0.514,0.438,49,0.664,0.557,3,1.801,-0.237,1
holdout_monaco_like,FULL_DEPLOY,0,1.483,0.19,True,394.5,139.4,0.92,0.636,0.757,0.449,30,0.315,0.79,2,1.327,-0.205,2
holdout_monaco_like,HARVEST,0,1.675,1.61,False,50,132.5,0.92,0.883,0.837,0.387,2,1.62,0.0,6,0.889,-0.07,-1
holdout_monaco_like,FULL_DEPLOY,0,1.846,19.68,True,219.9,104.8,0.92,0.749,0.878,0.351,3,2.04,0.0,4,0.857,-0.246,2
holdout_monaco_like,FULL_DEPLOY,1,1.034,5.66,True,144.2,126.8,0.92,0.824,0.777,0.189,55,1.714,0.0,2,2.085,-0.022,2
holdout_monaco_like,HOLD,0,0.911,8.83,False,321.1,104.4,0.92,0.591,0.949,0.159,31,2.063,0.0,0,2.605,0.144,0
holdout_monaco_like,HOLD,0,1.534,-2.86,True,57.7,106.2,0.92,0.795,0.94,0.073,9,2.974,0.0,3,2.057,0.152,0
holdout_monaco_like,PARTIAL_DEPLOY,0,1.91,2.79,True,364.1,179.9,0.92,0.735,0.849,0.153,49,0.233,0.845,3,0.836,-0.18,1
holdout_monaco_like,HOLD,0,0.616,8.99,True,243.3,101.0,0.92,0.687,0.751,0.243,41,2.054,0.0,0,0.373,0.115,0
holdout_monaco_like,FULL_DEPLOY,0,1.474,21.85,False,170.7,129.1,0.92,0.637,0.616,0.11,23,2.47,0.0,1,2.365,0.105,2
holdout_monaco_like,HOLD,0,1.045,1.18,True,50,142.2,0.92,0.591,0.605,0.142,31,2.903,0.0,5,2.157,0.018,0
holdout_monaco_like,PARTIAL_DEPLOY,0,0.371,2.27,False,391.7,91.0,0.92,0.629,0.605,0.355,44,0.521,0.653,5,1.705,0.07,1
holdout_monaco_like,FULL_DEPLOY,0,1.306,28.89,True,54.3,148.1,0.92,0.906,0.782,0.055,30,0.845,0.437,0,1.859,0.09,2
holdout_monaco_like,HARVEST,0,1.007,9.73,False,50,148.7,0.92,0.704,0.666,0.332,20,1.128,0.248,6,2.135,-0.106,-1
holdout_monaco_like,HOLD,0,0.981,18.41,True,248.5,92.7,0.92,0.633,0.565,0.38,13,2.302,0.0,4,1.4,-0.272,0
holdout_monaco_like,HOLD,0,1.1,14.46,False,54.7,131.1,0.92,0.914,0.711,0.417,44,1.861,0.0,1,2.098,-0.062,0
holdout_monaco_like,HARVEST,0,1.228,8.09,False,220.0,150.7,0.92,0.936,0.859,0.362,44,2.429,0.0,0,0.558,0.213,-1
holdout_monaco_like,FULL_DEPLOY,0,1.312,21.86,True,50,134.5,0.92,0.738,0.892,0.382,37,2.407,0.0,3,0.891,0.16,2
holdout_monaco_like,HARVEST,0,0.539,6.72,True,98.4,167.1,0.92,0.702,0.569,0.18,37,2.682,0.0,1,2.741,-0.127,-1
holdout_monaco_like,FULL_DEPLOY,1,0.533,16.13,False,257.4,108.1,0.92,0.775,0.644,0.348,27,1.332,0.112,6,2.055,-0.082,2
holdout_monaco_like,FULL_DEPLOY,0,0.513,-3.12,False,193.5,98.2,0.92,0.815,0.831,0.428,14,1.393,0.071,3,0.82,-0.005,2
holdout_monaco_like,FULL_DEPLOY,0,0.489,19.66,True,245.9,172.6,0.92,0.731,0.754,0.289,5,1.549,0.0,3,0.214,-0.044,2
holdout_monaco_like,PARTIAL_DEPLOY,0,1.143,10.08,False,193.8,155.5,0.92,0.849,0.594,0.394,10,1.505,0.0,2,2.787,-0.324,1
holdout_monaco_like,HOLD,0,1.362,12.99,False,66.9,133.6,0.92,0.722,0.526,0.376,43,0.179,0.881,1,1.588,-0.118,0
holdout_monaco_like,PARTIAL_DEPLOY,0,1.313,14.57,True,88.8,121.5,0.92,0.746,0.611,0.159,28,3.369,0.0,6,1.04,0.304,1
holdout_monaco_like,HOLD,0,1.125,21.88,False,140.4,175.0,0.92,0.68,0.726,0.279,43,1.228,0.181,3,1.165,-0.351,0
holdout_monaco_like,PARTIAL_DEPLOY,0,1.506,10.49,False,134.9,173.0,0.92,0.766,0.606,0.228,16,2.872,0.0,2,0.322,0.101,1
holdout_monaco_like,HARVEST,0,0.851,21.14,True,161.6,141.4,0.92,0.787,0.803,0.162,52,2.168,0.0,5,0.663,0.239,-1
holdout_monaco_like,PARTIAL_DEPLOY,1,0.577,9.2,True,96.5,179.7,0.92,0.625,0.546,0.192,3,2.897,0.0,4,1.465,0.251,1
holdout_monaco_like,PARTIAL_DEPLOY,1,0.897,5.18,True,314.9,95.3,0.92,0.741,0.617,0.16,28,2.598,0.0,4,0.543,-0.15,1
holdout_monaco_like,HOLD,0,0.32,6.83,False,88.1,111.4,0.92,0.78,0.806,0.33,23,1.974,0.0,3,2.188,-0.076,0
holdout_monaco_like,HARVEST,1,0.181,24.0,True,50,109.5,0.92,0.602,0.745,0.336,43,1.464,0.024,0,2.482,-0.019,-1
holdout_monaco_like,HARVEST,0,0.418,6.86,False,137.2,107.4,0.92,0.757,0.548,0.4,2,0.333,0.778,6,1.024,-0.136,-1
holdout_monaco_like,HARVEST,0,1.831,14.56,True,384.1,143.8,0.92,0.793,0.847,0.096,26,2.227,0.0,5,1.246,-0.186,-1
holdout_monaco_like,HOLD,0,1.683,15.17,True,55.3,97.3,0.92,0.723,0.797,0.081,1,1.923,0.0,5,1.071,0.255,0
holdout_monaco_like,HOLD,0,1.527,28.17,False,460.9,166.3,0.92,0.946,0.508,0.417,45,0.445,0.703,3,0.434,-0.274,0
holdout_monaco_like,HARVEST,0,1.549,4.78,True,125.5,176.6,0.92,0.567,0.892,0.394,52,1.002,0.332,5,0.346,0.138,-1
holdout_monaco_like,HARVEST,0,1.878,11.49,True,50,154.5,0.92,0.652,0.503,0.21,5,2.448,0.0,1,2.734,-0.068,-1
holdout_monaco_like,HOLD,0,1.842,29.81,False,50,164.7,0.92,0.927,0.693,0.246,6,0.671,0.553,0,1.752,0.274,0
holdout_monaco_like,HARVEST,0,1.368,-0.39,False,83.6,151.2,0.92,0.888,0.917,0.128,12,1.203,0.198,4,2.649,-0.114,-1
holdout_monaco_like,HOLD,1,0.213,22.58,True,141.2,161.2,0.92,0.876,0.653,0.222,43,2.438,0.0,5,1.895,0.054,0
holdout_monaco_like,FULL_DEPLOY,0,1.303,14.98,True,50,122.3,0.92,0.688,0.54,0.106,4,2.965,0.0,6,1.382,-0.154,2
holdout_monaco_like,HARVEST,0,1.889,26.15,False,131.9,112.8,0.92,0.849,0.863,0.386,35,2.485,0.0,5,1.911,0.128,-1
holdout_monaco_like,HOLD,0,0.619,14.74,True,50,163.8,0.92,0.555,0.806,0.39,22,2.917,0.0,4,0.297,-0.075,0
holdout_monaco_like,PARTIAL_DEPLOY,0,0.857,15.79,True,50,145.6,0.92,0.769,0.875,0.279,3,1.756,0.0,1,1.903,-0.026,1
holdout_monaco_like,HARVEST,0,0.652,7.57,False,312.3,128.8,0.92,0.676,0.586,0.354,35,1.078,0.281,3,2.308,-0.004,-1
holdout_monaco_like,HOLD,0,0.185,8.68,False,50,115.7,0.92,0.606,0.941,0.21,31,3.463,0.0,5,2.194,0.135,0
holdout_monaco_like,HOLD,0,1.936,28.67,True,50,124.9,0.92,0.598,0.676,0.105,47,1.936,0.0,3,0.222,-0.137,0
holdout_monaco_like,FULL_DEPLOY,1,1.765,15.81,False,337.8,160.7,0.92,0.715,0.793,0.1,24,1.387,0.075,6,1.593,-0.303,2
holdout_monaco_like,HARVEST,0,1.804,23.77,True,193.1,174.4,0.92,0.679,0.623,0.434,22,0.615,0.59,6,2.28,0.063,-1
holdout_monaco_like,PARTIAL_DEPLOY,1,1.24,25.75,True,145.1,99.7,0.92,0.932,0.525,0.359,1,2.228,0.0,5,2.712,-0.165,1
holdout_monaco_like,HARVEST,0,1.079,8.0,True,50,146.1,0.92,0.665,0.567,0.11,47,2.541,0.0,0,0.219,0.447,-1
holdout_monaco_like,PARTIAL_DEPLOY,0,1.841,26.12,True,193.1,99.8,0.92,0.876,0.909,0.306,5,1.056,0.296,0,2.461,-0.343,1
holdout_monaco_like,PARTIAL_DEPLOY,1,1.42,23.01,True,242.5,165.1,0.92,0.787,0.745,0.326,20,0.253,0.831,1,0.471,-0.187,1
holdout_monaco_like,HARVEST,1,0.512,16.79,False,378.7,151.3,0.92,0.848,0.536,0.094,1,3.364,0.0,6,2.107,-0.295,-1
holdout_monaco_like,FULL_DEPLOY,0,0.753,11.21,False,154.9,109.5,0.92,0.683,0.727,0.231,19,2.739,0.0,6,1.171,-0.214,2
holdout_monaco_like,HOLD,0,0.471,21.5,True,224.6,146.4,0.92,0.676,0.633,0.124,41,1.195,0.203,2,0.527,0.427,0
holdout_monaco_like,HOLD,0,1.152,6.59,False,148.4,139.9,0.92,0.761,0.73,0.239,1,3.456,0.0,3,1.311,0.191,0
holdout_monaco_like,HOLD,1,1.127,28.95,True,282.0,153.6,0.92,0.881,0.701,0.339,9,0.289,0.807,3,1.078,0.345,0
holdout_monaco_like,FULL_DEPLOY,0,1.155,16.15,True,190.0,125.7,0.92,0.588,0.795,0.242,19,2.52,0.0,0,0.919,-0.31,2
holdout_monaco_like,HARVEST,0,0.129,8.57,True,120.3,115.8,0.92,0.607,0.855,0.289,20,1.299,0.134,3,1.073,0.126,-1
holdout_monaco_like,FULL_DEPLOY,1,0.284,-0.71,False,190.3,169.8,0.92,0.864,0.92,0.116,28,2.963,0.0,3,0.28,0.366,2
holdout_monaco_like,PARTIAL_DEPLOY,0,0.53,5.55,False,157.2,122.8,0.92,0.835,0.815,0.375,46,1.505,0.0,0,2.254,-0.087,1
holdout_monaco_like,FULL_DEPLOY,0,0.202,19.87,False,205.0,141.5,0.92,0.611,0.773,0.137,28,3.424,0.0,1,1.642,-0.067,2
holdout_monaco_like,HOLD,0,0.507,0.61,True,157.0,168.4,0.92,0.679,0.751,0.422,29,0.147,0.902,3,0.779,0.128,0
holdout_monaco_like,HOLD,0,1.615,14.45,True,50,113.0,0.92,0.734,0.6,0.204,49,1.301,0.133,0,0.21,0.07,0
holdout_monaco_like,HOLD,0,1.724,14.24,True,119.9,167.9,0.92,0.622,0.809,0.266,8,2.075,0.0,1,2.604,-0.4,0
holdout_monaco_like,FULL_DEPLOY,0,1.156,4.16,True,50,109.4,0.92,0.632,0.883,0.413,47,2.749,0.0,5,1.841,0.14,2
holdout_monaco_like,HARVEST,0,1.81,9.03,False,50,92.9,0.92,0.659,0.659,0.143,12,0.788,0.475,5,2.76,0.05,-1
holdout_monaco_like,PARTIAL_DEPLOY,0,1.199,29.99,True,364.9,178.3,0.92,0.869,0.658,0.112,17,0.716,0.523,0,2.644,-0.061,1
holdout_monaco_like,FULL_DEPLOY,0,1.539,-4.34,False,50,155.3,0.92,0.64,0.669,0.3,34,0.422,0.719,5,1.35,-0.097,2
holdout_monaco_like,PARTIAL_DEPLOY,0,1.188,4.03,True,154.0,107.8,0.92,0.592,0.843,0.214,45,1.439,0.041,4,1.59,0.261,1
holdout_monaco_like,FULL_DEPLOY,0,1.027,14.88,True,161.7,140.3,0.92,0.579,0.875,0.173,32,0.973,0.351,4,0.404,-0.196,2
holdout_monaco_like,HARVEST,0,1.924,17.83,False,263.5,166.9,0.92,0.627,0.774,0.055,52,1.766,0.0,3,0.522,0.317,-1
holdout_monaco_like,HOLD,1,1.259,6.7,True,120.9,90.0,0.92,0.663,0.837,0.215,17,1.798,0.0,1,2.323,-0.019,0
holdout_monaco_like,HARVEST,0,1.742,13.36,True,195.9,163.7,0.92,0.879,0.871,0.332,2,1.16,0.227,5,2.946,-0.187,-1
holdout_monaco_like,FULL_DEPLOY,1,0.526,18.15,True,50,130.9,0.92,0.925,0.671,0.317,25,1.637,0.0,0,1.835,-0.048,2
holdout_monaco_like,HOLD,0,0.97,10.13,True,216.0,161.9,0.92,0.777,0.697,0.113,18,3.198,0.0,4,2.956,0.169,0
holdout_monaco_like,PARTIAL_DEPLOY,0,1.839,10.54,True,325.2,159.1,0.92,0.746,0.503,0.096,22,1.148,0.235,4,0.468,0.293,1
holdout_monaco_like,HOLD,0,1.487,24.75,True,304.1,120.6,0.92,0.753,0.81,0.397,44,1.971,0.0,6,0.376,-0.044,0
holdout_monaco_like,FULL_DEPLOY,1,0.481,7.14,True,70.0,177.1,0.92,0.895,0.868,0.382,19,2.92,0.0,5,2.764,0.205,2
holdout_monaco_like,FULL_DEPLOY,1,0.197,8.39,True,50,128.2,0.92,0.871,0.894,0.288,52,3.064,0.0,2,2.259,0.142,2
holdout_monaco_like,PARTIAL_DEPLOY,0,1.657,17.16,False,124.9,157.0,0.92,0.69,0.879,0.374,16,1.035,0.31,3,2.74,0.189,1
holdout_monaco_like,HOLD,1,0.581,22.11,True,50,90.5,0.92,0.84,0.806,0.349,40,1.454,0.031,1,1.997,0.008,0
holdout_monaco_like,PARTIAL_DEPLOY,0,0.631,25.34,True,456.9,177.1,0.92,0.76,0.669,0.263,13,2.58,0.0,2,2.79,-0.112,1
holdout_monaco_like,HOLD,1,0.873,8.29,False,50,114.9,0.92,0.862,0.714,0.233,4,3.39,0.0,2,0.445,-0.048,0
holdout_monaco_like,PARTIAL_DEPLOY,0,1.693,6.0,True,152.5,156.4,0.92,0.606,0.662,0.142,35,1.637,0.0,4,1.409,0.049,1
holdout_monaco_like,PARTIAL_DEPLOY,0,1.331,4.33,False,227.6,167.7,0.92,0.848,0.611,0.39,9,3.172,0.0,1,2.502,-0.417,1
holdout_monaco_like,HOLD,0,1.587,19.8,False,77.2,115.5,0.92,0.876,0.524,0.086,12,2.236,0.0,3,0.326,0.032,0
holdout_monaco_like,PARTIAL_DEPLOY,0,0.318,5.47,True,50,140.9,0.92,0.738,0.733,0.448,54,0.174,0.884,0,0.938,-0.121,1
holdout_monaco_like,PARTIAL_DEPLOY,0,0.612,28.13,True,278.9,108.9,0.92,0.687,0.926,0.415,43,2.675,0.0,5,2.122,-0.108,1
holdout_monaco_like,FULL_DEPLOY,0,1.735,11.46,True,50,147.3,0.92,0.916,0.744,0.427,11,2.139,0.0,1,2.673,0.042,2
holdout_monaco_like,HARVEST,0,0.342,12.22,True,189.7,143.8,0.92,0.785,0.934,0.434,7,2.48,0.0,1,2.746,0.002,-1
holdout_monaco_like,HARVEST,0,0.735,19.27,False,346.7,158.3,0.92,0.801,0.839,0.388,24,0.505,0.663,0,2.492,0.019,-1
holdout_monaco_like,HOLD,0,1.547,18.83,True,324.5,137.8,0.92,0.658,0.936,0.372,15,0.965,0.357,6,2.353,-0.207,0
holdout_monaco_like,PARTIAL_DEPLOY,0,1.411,-4.75,True,143.9,106.6,0.92,0.573,0.504,0.097,29,1.984,0.0,6,1.617,0.105,1
holdout_monaco_like,PARTIAL_DEPLOY,0,0.567,28.19,True,50,157.0,0.92,0.68,0.781,0.381,17,3.479,0.0,0,1.742,-0.233,1
holdout_monaco_like,HOLD,0,0.146,29.85,False,355.8,123.5,0.92,0.552,0.821,0.187,28,2.206,0.0,6,0.351,0.059,0
holdout_monaco_like,HARVEST,0,1.808,16.25,False,61.8,146.0,0.92,0.702,0.599,0.434,53,3.131,0.0,1,1.203,0.182,-1
holdout_monaco_like,HOLD,1,0.156,15.9,False,189.5,161.5,0.92,0.574,0.581,0.235,11,0.188,0.875,1,2.626,-0.152,0
holdout_monaco_like,PARTIAL_DEPLOY,0,0.108,5.23,True,50,149.8,0.92,0.763,0.815,0.353,45,3.005,0.0,4,0.554,0.142,1
holdout_monaco_like,HARVEST,0,1.177,26.85,True,272.2,115.9,0.92,0.729,0.912,0.194,49,2.903,0.0,4,1.452,-0.041,-1
holdout_monaco_like,HOLD,1,0.615,20.08,False,412.9,119.5,0.92,0.761,0.547,0.393,35,0.633,0.578,1,2.607,0.092,0
holdout_monaco_like,PARTIAL_DEPLOY,0,1.719,15.54,False,262.1,168.4,0.92,0.696,0.71,0.218,34,2.764,0.0,5,2.227,0.106,1
holdout_monaco_like,HARVEST,0,1.88,-0.66,True,266.7,155.4,0.92,0.882,0.648,0.171,48,1.806,0.0,3,0.489,0.011,-1
holdout_monaco_like,PARTIAL_DEPLOY,0,1.074,4.86,False,367.1,156.3,0.92,0.754,0.561,0.152,27,2.52,0.0,0,0.865,-0.256,1
holdout_monaco_like,PARTIAL_DEPLOY,0,0.759,7.33,False,291.1,159.6,0.92,0.634,0.887,0.253,5,3.02,0.0,4,2.319,0.077,1
holdout_monaco_like,PARTIAL_DEPLOY,0,0.67,21.87,True,50,123.5,0.92,0.9,0.666,0.402,8,0.529,0.647,4,1.453,0.005,1
holdout_monaco_like,HOLD,0,1.017,11.45,True,50,134.4,0.92,0.834,0.893,0.407,39,3.443,0.0,4,2.53,-0.297,0
holdout_monaco_like,PARTIAL_DEPLOY,0,1.852,24.59,True,61.0,140.7,0.92,0.865,0.797,0.245,10,1.222,0.185,4,0.819,0.059,1
holdout_monaco_like,FULL_DEPLOY,0,0.949,16.84,False,50,123.8,0.92,0.6,0.57,0.36,10,1.769,0.0,5,1.551,-0.231,2
holdout_monaco_like,PARTIAL_DEPLOY,0,1.902,19.27,True,410.2,147.3,0.92,0.57,0.653,0.434,22,1.989,0.0,6,1.011,0.263,1
holdout_monaco_like,PARTIAL_DEPLOY,0,1.855,23.05,False,453.9,128.2,0.92,0.773,0.936,0.136,24,2.801,0.0,5,1.554,0.334,1
holdout_monaco_like,HARVEST,0,1.165,22.38,True,597.8,156.9,0.92,0.587,0.726,0.354,4,1.099,0.267,0,1.526,0.029,-1
holdout_monaco_like,PARTIAL_DEPLOY,0,1.555,-1.73,False,247.5,131.1,0.92,0.643,0.676,0.203,3,2.747,0.0,4,2.109,0.004,1
holdout_monaco_like,HARVEST,0,1.095,28.45,False,337.6,148.2,0.92,0.56,0.54,0.197,51,2.692,0.0,1,1.872,-0.026,-1
holdout_monaco_like,HARVEST,0,0.407,4.98,True,229.3,153.7,0.92,0.824,0.83,0.333,37,1.574,0.0,3,1.845,0.006,-1
holdout_monaco_like,HOLD,1,1.132,17.27,True,602.2,95.7,0.92,0.763,0.595,0.169,29,1.867,0.0,6,2.317,-0.223,0
holdout_monaco_like,PARTIAL_DEPLOY,0,1.773,23.15,False,50,138.9,0.92,0.67,0.815,0.124,12,2.626,0.0,3,1.418,-0.113,1
holdout_monaco_like,PARTIAL_DEPLOY,0,0.622,-3.95,True,50,158.8,0.92,0.855,0.77,0.224,16,1.604,0.0,6,2.023,-0.123,1
holdout_monaco_like,FULL_DEPLOY,0,1.667,5.58,False,123.9,105.2,0.92,0.705,0.701,0.085,17,1.406,0.063,4,0.808,0.074,2
holdout_monaco_like,HARVEST,0,1.64,6.56,True,118.7,145.4,0.92,0.554,0.569,0.202,51,2.083,0.0,0,2.571,0.104,-1
holdout_monaco_like,FULL_DEPLOY,0,0.842,18.37,False,50,95.7,0.92,0.909,0.798,0.265,54,0.573,0.618,6,2.414,0.015,2
holdout_monaco_like,HOLD,0,0.606,14.61,True,238.3,108.7,0.92,0.744,0.751,0.158,25,2.397,0.0,0,0.771,-0.082,0
holdout_monaco_like,PARTIAL_DEPLOY,0,1.042,3.56,False,324.0,160.9,0.92,0.681,0.673,0.37,21,2.398,0.0,3,2.055,-0.172,1
holdout_monaco_like,PARTIAL_DEPLOY,0,1.669,11.11,True,127.8,121.7,0.92,0.577,0.831,0.417,41,2.645,0.0,5,1.388,-0.06,1
holdout_monaco_like,FULL_DEPLOY,0,1.839,0.8,True,50,127.0,0.92,0.652,0.695,0.127,17,2.819,0.0,1,0.318,-0.022,2
holdout_monaco_like,FULL_DEPLOY,1,0.942,10.96,True,117.2,119.3,0.92,0.803,0.542,0.438,23,2.38,0.0,5,0.261,0.047,2
holdout_monaco_like,HOLD,0,0.702,24.83,True,272.4,138.9,0.92,0.8,0.945,0.415,54,0.732,0.512,4,1.602,0.387,0
holdout_monaco_like,HOLD,1,0.454,12.15,False,95.8,101.6,0.92,0.632,0.543,0.211,48,2.821,0.0,4,2.918,-0.34,0
holdout_monaco_like,HOLD,1,0.341,-2.15,True,50,131.3,0.92,0.885,0.85,0.417,38,2.928,0.0,3,1.213,-0.147,0
holdout_monaco_like,HARVEST,0,1.436,7.3,False,210.6,116.1,0.92,0.677,0.941,0.379,3,1.161,0.226,6,0.217,0.055,-1
holdout_monaco_like,PARTIAL_DEPLOY,0,0.335,-3.59,True,174.4,143.6,0.92,0.611,0.9,0.106,26,1.969,0.0,3,1.005,0.044,1
holdout_monaco_like,PARTIAL_DEPLOY,0,1.997,3.37,False,258.5,144.9,0.92,0.727,0.612,0.085,27,1.545,0.0,2,1.315,0.041,1
holdout_monaco_like,FULL_DEPLOY,0,1.939,6.89,True,178.5,158.7,0.92,0.65,0.647,0.185,27,1.653,0.0,1,2.704,-0.093,2
holdout_monaco_like,HARVEST,0,0.374,20.34,True,530.4,171.3,0.92,0.888,0.913,0.419,36,1.757,0.0,3,1.821,0.025,-1
holdout_monaco_like,HOLD,0,0.258,13.29,False,491.2,130.8,0.92,0.825,0.591,0.122,16,1.341,0.106,6,0.725,0.111,0
holdout_monaco_like,HARVEST,0,1.296,7.97,True,126.7,177.1,0.92,0.898,0.688,0.239,4,3.148,0.0,4,1.031,-0.309,-1
holdout_monaco_like,HARVEST,0,0.381,1.18,False,206.8,127.1,0.92,0.761,0.65,0.422,22,2.613,0.0,4,0.269,-0.031,-1
holdout_monaco_like,HARVEST,0,0.714,5.67,True,162.4,144.6,0.92,0.626,0.676,0.196,16,0.863,0.425,3,0.769,-0.09,-1
holdout_monaco_like,PARTIAL_DEPLOY,0,1.43,1.77,False,280.3,94.8,0.92,0.781,0.743,0.163,26,2.722,0.0,2,0.853,0.047,1
holdout_monaco_like,HARVEST,0,1.594,-4.62,False,143.5,163.7,0.92,0.686,0.815,0.299,36,3.155,0.0,6,2.454,0.071,-1
holdout_monaco_like,FULL_DEPLOY,0,0.276,17.47,False,50,123.7,0.92,0.762,0.704,0.292,24,0.225,0.85,4,0.464,0.14,2
holdout_monaco_like,HOLD,0,0.158,19.55,False,55.7,170.3,0.92,0.786,0.849,0.293,36,0.743,0.505,5,2.021,-0.294,0
holdout_monaco_like,PARTIAL_DEPLOY,0,1.323,-4.02,False,157.7,163.5,0.92,0.839,0.519,0.19,46,2.825,0.0,2,2.799,0.257,1
holdout_monaco_like,PARTIAL_DEPLOY,1,1.185,27.6,True,324.4,174.6,0.92,0.703,0.666,0.281,26,0.712,0.525,0,1.513,0.032,1
holdout_monaco_like,HOLD,0,0.955,15.33,False,60.2,127.0,0.92,0.854,0.94,0.382,43,1.402,0.065,5,2.493,0.236,0
holdout_monaco_like,HARVEST,0,1.505,-4.08,False,248.2,165.5,0.92,0.785,0.531,0.161,37,0.112,0.925,4,0.388,-0.053,-1
holdout_monaco_like,HOLD,0,1.049,9.22,True,159.7,92.2,0.92,0.922,0.861,0.317,34,1.67,0.0,6,1.575,-0.064,0
